name,ticker,market,sector
First Custodian Fund India Ltd.,1STCUS,BSE,Finance
20 Microns Limited,20MICRONS,NSE,Process industries
Twentyfirst Century Management Services Limited,21STCENMGM,NSE,Finance
360 One Wam Limited,360ONE,NSE,Finance
3B BlackBio Dx Ltd,3BBLACKBIO,BSE,Process industries
3B Films Limited,3BFILMS,BSE,Process industries
3C IT Solutions & Telecoms (India) Limited,3CIT,BSE,Technology services
3i Infotech Limited,3IINFOLTD,NSE,Technology services
3M India Limited,3MINDIA,NSE,Producer manufacturing
3P Land Holdings Limited,3PLAND,NSE,Finance
Fourth Generation Information Systems Ltd.,4THGEN,BSE,Technology services
5paisa Capital Ltd.,5PAISA,NSE,Finance
63 Moons Technologies Ltd.,63MOONS,NSE,Technology services
7NR Retail Ltd.,7NR,BSE,Distribution services
7Seas Entertainment Limited,7SEASL,BSE,Technology services
Saven Technologies Limited,7TEC,BSE,Technology services
A-1 Limited,A1L,BSE,Process industries
A2Z Infra Engineering Limited,A2ZINFRA,NSE,Industrial services
AAA Technologies Ltd.,AAATECH,NSE,Technology services
Aadhar Housing Finance Ltd,AADHARHFC,NSE,Finance
Aadi Industries Limited,AADIIND,BSE,Process industries
Akar Auto Industries Ltd,AAIL,BSE,Consumer durables
Aakaar Medical Technologies Limited,AAKAAR,NSE,Distribution services
Aakash Exploration Services Ltd.,AAKASH,NSE,Energy minerals
Aananda Lakshmi Spinning Mills Ltd,AANANDALAK,BSE,Process industries
AA Plus Tradelink Limited,AAPLUSTRAD,BSE,Distribution services
Aaradhya Disposal Industries Limited,AARADHYA,NSE,Process industries
Aarey Drugs & Pharmaceuticals Ltd.,AAREYDRUGS,NSE,Health technology
Aarnav Fashions Ltd.,AARNAV,BSE,Finance
Aaron Industries Ltd.,AARON,NSE,Producer manufacturing
Aartech Solonics Ltd.,AARTECH,NSE,Commercial services
Aarti Drugs Limited,AARTIDRUGS,NSE,Health technology
AARTI Industries Ltd,AARTIIND,NSE,Process industries
Aarti Pharmalabs Limited,AARTIPHARM,NSE,Health technology
Aarti Surfactants Ltd.,AARTISURF,NSE,Process industries
Varvee Global Limited,AARVEEDEN,NSE,Process industries
Aarvi Encon Ltd.,AARVI,NSE,Commercial services
Aashka Hospitals Limited,AASHKA,BSE,Health services
Aastamangalam Finance Limited,AASTAFIN,BSE,Finance
Aatmaj Healthcare Limited,AATMAJ,NSE,Health services
Aavas Financiers Ltd.,AAVAS,NSE,Finance
Aayush Wellness Ltd,AAYUSH,BSE,Retail trade
Aayush Art & Bullion Ltd,AAYUSHBULL,BSE,Consumer non-durables
Aban Offshore Limited,ABAN,NSE,Industrial services
ABans Enterprises Ltd.,ABANSENT,BSE,Distribution services
ABATE AS Industries Limited,ABATEAS,BSE,Finance
ABB India Limited,ABB,NSE,Producer manufacturing
Abbott India Limited,ABBOTINDIA,NSE,Health technology
Aditya Birla Capital Ltd.,ABCAPITAL,NSE,Finance
ABC India Limited,ABCINDQ,BSE,Transportation
AB Cotspin India Ltd.,ABCOTS,NSE,Consumer non-durables
Allied Blenders and Distillers Limited,ABDL,NSE,Consumer non-durables
Aditya Birla Fashion and Retail Ltd,ABFRL,NSE,Retail trade
Abha Power & Steel Ltd.,ABHAPOWER,NSE,Non-energy minerals
Abhinav Capital Services Limited,ABHICAP,BSE,Finance
Abhishek Finlease Ltd,ABHIFIN,BSE,Finance
Abhishek Infraventures Ltd.,ABHIINFRA,BSE,Industrial services
A B Infrabuild Ltd,ABINFRA,NSE,Industrial services
Abirami Financial Services (India) Limited,ABIRAFN,BSE,Finance
Aditya Birla Lifestyle Brands Limited,ABLBL,NSE,Retail trade
ABM International Ltd.,ABMINTLLTD,NSE,Industrial services
ABM Knowledgeware Limited,ABMKNO,BSE,Technology services
Aditya Birla Real Estate Ltd,ABREL,NSE,Process industries
Abram Food Limited,ABRFL,BSE,Consumer non-durables
Abril Paper Tech Limited,ABRIL,BSE,Process industries
Aditya Birla Sun Life Amc Limited,ABSLAMC,NSE,Technology services
ABS Marine Services Ltd.,ABSMARINE,NSE,Transportation
Arunjyoti Bio Ventures Ltd.,ABVL,BSE,Finance
ACC Limited,ACC,NSE,Non-energy minerals
Accedere Ltd,ACCEDERE,BSE,Distribution services
Accel Limited,ACCEL,BSE,Technology services
AccelerateBS India Limited,ACCELERATE,BSE,Commercial services
Accelya Solutions India Ltd.,ACCELYA,NSE,Technology services
Accent Microcell Limited,ACCENTMIC,NSE,Health technology
Accord Synergy Ltd.,ACCORD,NSE,Industrial services
Accretion Pharmaceuticals Ltd.,ACCPL,NSE,Health technology
Accuracy Shipping Ltd.,ACCURACY,NSE,Transportation
Action Construction Equipment Limited,ACE,NSE,Producer manufacturing
Ace Alpha Tech Limited,ACEALPHA,BSE,Technology services
ACE Edutrend Limited,ACEEDU,BSE,Consumer services
Ace Engitech Limited,ACEENGITEC,BSE,Technology services
Ace Integrated Solutions Ltd.,ACEINTEG,NSE,Technology services
Ace Men Engg Works Ltd.,ACEMEN,BSE,Distribution services
Ace Software Exports Limited,ACESOFT,BSE,Technology services
Automobile Corporation of Goa Limited,ACGL,BSE,Producer manufacturing
Achyut Healthcare Ltd.,ACHYUT,BSE,Distribution services
Archean Chemical Industries Ltd.,ACI,NSE,Process industries
ACI Infocom Ltd,ACIIN,BSE,Finance
Acknit Industries Limited,ACKNIT,BSE,Consumer non-durables
Andhra Cements Limited,ACL,NSE,Non-energy minerals
Aelea Commodities Limited,ACLD,BSE,Process industries
Allcargo Gati Limited,ACLGATI,NSE,Transportation
Acme Resources Ltd.,ACME,BSE,Finance
ACME Solar Holdings Ltd.,ACMESOLAR,NSE,Industrial services
Aditya Consumer Marketing Ltd.,ACML,BSE,Retail trade
Acrow India Limited,ACROW,BSE,Producer manufacturing
ACS Technologies Ltd,ACSTECH,BSE,Process industries
Active Clothing Co. Ltd.,ACTIVE,BSE,Consumer non-durables
Active Infrastructures Limited,ACTIVEINFR,NSE,Industrial services
Acutaas Chemicals Ltd,ACUTAAS,NSE,Health technology
Adani Energy Solutions Ltd,ADANIENSOL,NSE,Utilities
Adani Enterprises Limited,ADANIENT,NSE,Distribution services
Adani Green Energy Limited,ADANIGREEN,NSE,Utilities
Adani Ports & Special Economic Zone Ltd,ADANIPORTS,NSE,Transportation
Adani Power Limited,ADANIPOWER,NSE,Utilities
Adarsh Plant Protect Ltd.,ADARSHPL,BSE,Producer manufacturing
ADC India Communications Limited,ADCINDIA,BSE,Electronic technology
Adcon Capital Services Ltd.,ADCON,BSE,Finance
Adcounty Media India Limited,ADCOUNTY,BSE,Commercial services
Addi Industries Limited,ADDIND,BSE,Process industries
Adeshwar Meditex Ltd.,ADESHWAR,BSE,Health technology
ADF Foods Limited,ADFFOODS,NSE,Consumer non-durables
Adhbhut Infrastructure Ltd.,ADHBHUTIN,BSE,Consumer durables
Adhata Global Limited,ADHHATA,BSE,Distribution services
Adinath Textiles Ltd.,ADINATH,BSE,Process industries
Aditya Ispat Limited,ADITYA,BSE,Non-energy minerals
Aditya Spinners Ltd.,ADITYASP,BSE,Process industries
Adjia Technologies Ltd.,ADJIA,BSE,Technology services
Archidply Decor Ltd,ADL,NSE,Commercial services
Ad-Manum Finance Ltd.,ADMANUM,BSE,Finance
Ador Welding Limited,ADOR,NSE,Producer manufacturing
Ador Multiproducts Ltd.,ADORMUL,BSE,Consumer non-durables
Adroit Infotech Limited,ADROITINFO,NSE,Commercial services
Allied Digital Services Limited,ADSL,NSE,Technology services
Adtech Systems Ltd.,ADTECH,BSE,Electronic technology
Advait Energy Transitions Ltd,ADVAIT,BSE,Producer manufacturing
Advani Hotels & Resorts (India) Ltd.,ADVANIHOTR,NSE,Consumer services
Advanced Enzyme Technologies Ltd,ADVENZYMES,NSE,Consumer non-durables
Advik Capital Ltd,ADVIKCA,BSE,Finance
MPS PHARMAA LIMITED,ADVIKLA,BSE,Health technology
Advance Lifestyles Ltd.,ADVLIFE,BSE,Producer manufacturing
Advance Petrochemicals Ltd.,ADVPETR_B,BSE,Process industries
Aegis Logistics Limited,AEGISLOG,NSE,Distribution services
Aegis Vopak Terminals Limited,AEGISVOPAK,NSE,Transportation
Artificial Electronics Intelligent Material Limited,AEIM,BSE,Commercial services
Amba Enterprises Ltd,AEL,BSE,Producer manufacturing
Aeonx Digital Technology Limited,AEONXDIGI,BSE,Process industries
Artemis Electricals & Projects Limited,AEPL,BSE,Producer manufacturing
Aeroflex Enterprises Ltd,AEROENTER,NSE,Producer manufacturing
Aeroflex Industries Ltd.,AEROFLEX,NSE,Producer manufacturing
Aeron Composite Limited,AERON,NSE,Producer manufacturing
Aeroflex Neu Limited,AERONEU,NSE,Process industries
Aerpace Industries Ltd,AERPACE,BSE,Distribution services
Aesthetik Engineers Limited,AESTHETIK,NSE,Consumer durables
Aether Industries Ltd.,AETHER,NSE,Process industries
Afcom Holdings Limited,AFCOM,BSE,Transportation
Afcons Infrastructure Limited,AFCONS,NSE,Industrial services
AF Enterprises Limited,AFEL,BSE,Producer manufacturing
Affle 3i Limited,AFFLE,NSE,Technology services
Affordable Robotic & Automation Ltd.,AFFORDABLE,NSE,Producer manufacturing
Akme Fintrade (India) Limited,AFIL,NSE,Technology services
Abans Financial Services Ltd,AFSL,NSE,Finance
Agarwal Industrial Corporation Limited,AGARIND,NSE,Process industries
Agarwal Fortune India Limited,AGARWAL,BSE,Finance
Dr. Agarwal's Health Care Ltd.,AGARWALEYE,NSE,Health services
Agarwal Float Glass India Limited,AGARWALFT,NSE,Distribution services
Agarwal Toughened Glass India Limited,AGARWALTUF,NSE,Process industries
AGI Greenpac Limited,AGI,NSE,Process industries
Agi Infra Ltd.,AGIIL,NSE,Finance
Agio Paper & Industries Limited,AGIOPAPER,BSE,Process industries
Agni Green Power Ltd.,AGNI,NSE,Utilities
Ashapuri Gold Ornament Ltd,AGOL,BSE,Consumer durables
Agribio Spirits Ltd.,AGRIBIO,BSE,Distribution services
Agri-Tech (India) Ltd.,AGRITECH,NSE,Process industries
Agro Phos India Ltd.,AGROPHOS,NSE,Process industries
AGS Transact Technologies Ltd.,AGSTRA,NSE,Commercial services
A G Universal Limited,AGUL,NSE,Non-energy minerals
AG Ventures Limited,AGVENTURES,BSE,Process industries
Ahasolar Technologies Limited,AHASOLAR,BSE,Technology services
Anlon Healthcare Limited,AHCL,NSE,Health technology
Ahlada Engineers Limited,AHLADA,NSE,Producer manufacturing
Asian Hotels (East) Limited,AHLEAST,NSE,Consumer services
Ahluwalia Contracts (India) Limited,AHLUCONT,NSE,Industrial services
Ahmedabad Steelcraft Limited,AHMDSTE,BSE,Producer manufacturing
AIA Engineering Limited,AIAENG,NSE,Producer manufacturing
A.I. Champdany Industries Ltd.,AICHAMP,BSE,Process industries
Ambassador Intra Holdings Ltd.,AIHL,BSE,Distribution services
Authum Investment & Infrastucture Ltd,AIIL,NSE,Finance
AIK Pipes and Polymers Limited,AIKPIPES,BSE,Producer manufacturing
Abhishek Integrations Ltd.,AILIMITED,NSE,Transportation
AIMCO Pesticides Limited,AIMCOPEST,BSE,Process industries
Alliance Integrated Metaliks Limited,AIML,BSE,Non-energy minerals
Aimtron Electronics Limited,AIMTRON,NSE,Electronic technology
Airan Ltd.,AIRAN,NSE,Technology services
Airfloa Rail Technology Limited,AIRFLOA,BSE,Producer manufacturing
Avishkar Infra Realty Ltd,AIRLTD,BSE,Consumer durables
Airo Lam Ltd.,AIROLAM,NSE,Non-energy minerals
ANI Integrated Services Ltd.,AISL,NSE,Commercial services
Ajanta Pharma Limited,AJANTPHARM,NSE,Health technology
Ajanta Soya Ltd.,AJANTSOY,BSE,Consumer non-durables
Ajax Engineering Ltd.,AJAXENGG,NSE,Producer manufacturing
AJC Jewel Manufacturers Ltd.,AJCJEWEL,BSE,Consumer durables
Ajcon Global Services Ltd,AJCON,BSE,Finance
Ajmera Realty & Infra India Ltd,AJMERA,NSE,Finance
Ajooni Biotech Limited,AJOONI,NSE,Miscellaneous
Ajwa Fun World & Resort Ltd.,AJWAFUN,BSE,Consumer services
Akanksha Power And Infrastructure Limited,AKANKSHA,NSE,Producer manufacturing
Akash Infra-Projects Ltd.,AKASH,NSE,Industrial services
A. K. Capital Services Ltd.,AKCAPIT,BSE,Finance
AKG Exim Ltd.,AKG,NSE,Distribution services
Aki India Limited,AKI,NSE,Process industries
Akiko Global Services Ltd.,AKIKO,NSE,Finance
Akshar Spintex Ltd.,AKSHAR,NSE,Process industries
AksharChem India Ltd.,AKSHARCHEM,NSE,Process industries
Aksh Optifibre Limited,AKSHOPTFBR,NSE,Electronic technology
Akums Drugs and Pharmaceuticals Limited,AKUMS,NSE,Health technology
Akzo Nobel India Limited,AKZOINDIA,NSE,Process industries
Alankit Limited,ALANKIT,NSE,Technology services
Alan Scott Enterprises Ltd.,ALANSCOTT,BSE,Retail trade
Albert David Ltd,ALBERTDAVD,NSE,Health technology
Alchemist Corporation Limited,ALCHCORP,BSE,Distribution services
Alembic Limited,ALEMBICLTD,NSE,Health technology
Alexander Stamps & Coin Ltd.,ALEXANDER,BSE,Finance
Alfa Ica (India) Limited,ALFAICA,BSE,Producer manufacturing
ALFA Transformers Limited,ALFATRAN,BSE,Producer manufacturing
Alfavision Overseas (India) Limited,ALFAVIO,BSE,Health technology
Abhinav Leasing and Finance Ltd,ALFL,BSE,Finance
Alfred Herbert (India) Ltd.,ALFREDHE,BSE,Producer manufacturing
Algoquant Fintech Limited,ALGOQUANT,BSE,Finance
Alicon Castalloy Limited,ALICON,NSE,Producer manufacturing
Alivus Life Sciences Ltd,ALIVUS,NSE,Health technology
Alkali Metals Ltd.,ALKALI,NSE,Process industries
Alkem Laboratories Ltd.,ALKEM,NSE,Health technology
Alkosign Ltd.,ALKOSIGN,BSE,Producer manufacturing
Alkyl Amines Chemicals Limited,ALKYLAMINE,NSE,Process industries
Allcargo Logistics Limited,ALLCARGO,NSE,Transportation
Alldigi Tech Ltd,ALLDIGI,NSE,Commercial services
All E Technologies Limited,ALLETEC,NSE,Technology services
All Time Plastics Limited,ALLTIME,NSE,Producer manufacturing
Almondz Global Securities Limited,ALMONDZ,NSE,Finance
Alok Industries Limited,ALOKINDS,NSE,Process industries
Alpa Laboratories Limited,ALPA,NSE,Health technology
Alpex Solar Ltd.,ALPEXSOLAR,NSE,Electronic technology
Alphageo (India) Ltd.,ALPHAGEO,NSE,Industrial services
Alphalogic Industries Limited,ALPHAIND,BSE,Producer manufacturing
Alphalogic Techsys Limited,ALPHALOGIC,BSE,Commercial services
Alpine Housing Development Corporation Limited.,ALPINEHOU,BSE,Consumer durables
Alps Industries Limited,ALPSINDUS,NSE,Process industries
Alacrity Securities Ltd.,ALSL,BSE,Finance
Alstone Textiles (India) Ltd.,ALSTONE,BSE,Process industries
Altius Telecom Infrastructure Trust,ALTIUSINVIT,BSE,Miscellaneous
Alufluoride Ltd,ALUFLUOR,BSE,Non-energy minerals
Aluwind Infra-Tech Ltd,ALUWIND,NSE,Producer manufacturing
Amal Ltd.,AMAL,BSE,Process industries
Amalgamated Electricity Co. Ltd.,AMALGAM,BSE,Commercial services
Amanaya Ventures Ltd.,AMANAYA,BSE,Distribution services
Amanta Healthcare Limited,AMANTA,NSE,Health technology
Amarjothi Spinning Mills Limited,AMARJOTHI,BSE,Process industries
Amarnath Securities Ltd,AMARSEC,BSE,Finance
Ambalal Sarabhai Enterprises Limited,AMBALALSA,BSE,Health technology
Ambani Orgochem Ltd,AMBANIORGO,NSE,Process industries
Ambar Protein Industries Ltd.,AMBARPIL,BSE,Process industries
Amber Enterprises India Ltd.,AMBER,NSE,Producer manufacturing
Ambey Laboratories Limited,AMBEY,NSE,Process industries
Ambica Agarbathies & Aroma Industries Ltd.,AMBICAAGAR,NSE,Process industries
Ambika Cotton Mills Limited,AMBIKCO,NSE,Process industries
Ambitious Plastomac Co. Ltd.,AMBIT,BSE,Producer manufacturing
Ambo Agritec Ltd.,AMBOAGRI,BSE,Consumer non-durables
Ambuja Cements Limited,AMBUJACEM,NSE,Non-energy minerals
ANB Metal Cast Limited,AMCL,NSE,Non-energy minerals
Amco India Limited,AMCOIND,BSE,Producer manufacturing
AMD Industries Limited,AMDIND,NSE,Producer manufacturing
Amerise Biosciences Limited,AMERISE,BSE,Finance
Ameya Precision Engineers Ltd.,AMEYA,NSE,Producer manufacturing
Amforge Industries Limited,AMFORG,BSE,Producer manufacturing
Amiable Logsitics (India) Ltd.,AMIABLE,NSE,Transportation
Amic Forging Limited,AMIC,BSE,Producer manufacturing
Amin Tannery Ltd.,AMINTAN,BSE,Process industries
Amit International Limited,AMITINT,BSE,Distribution services
Amit Securities Limited,AMITSEC,BSE,Commercial services
AMJ Land Holdings Ltd.,AMJLAND,NSE,Finance
A and M Jumbo Bags Limited,AMJUMBO,NSE,Consumer durables
Amkay Products Limited,AMKAY,BSE,Health technology
Amines & Plasticizers Ltd.,AMNPLST,NSE,Process industries
Ampvolts Limited,AMPVOLTS,BSE,Technology services
Amraworld Agrico Limited,AMRAAGRI,BSE,Producer manufacturing
Amrapali Industries Limited,AMRAPLIN,BSE,Technology services
Amrutanjan Health Care Limited,AMRUTANJAN,NSE,Health technology
Advance Metering Technology Ltd.,AMTL,BSE,Producer manufacturing
Amwill Health Care Ltd,AMWILL,BSE,Consumer non-durables
Anand Rathi Wealth Ltd.,ANANDRATHI,NSE,Finance
Anant Raj Ltd.,ANANTRAJ,NSE,Consumer durables
Andhra Paper Ltd.,ANDHRAPAP,NSE,Process industries
Andhra Petrochemicals Limited,ANDHRAPET,BSE,Process industries
Andhra Sugars Limited,ANDHRSUGAR,NSE,Process industries
Andrew Yule & Co. Ltd.,ANDREWYU,BSE,Producer manufacturing
ANG Lifesciences India Ltd.,ANG,BSE,Health technology
Angel One Limited,ANGELONE,NSE,Finance
Anik Industries Limited,ANIKINDS,NSE,Distribution services
Anirit Ventures Ltd,ANIRIT,BSE,Process industries
Anjani Synthetics Limited,ANJANI,BSE,Process industries
Anjani Finance Limited,ANJANIFIN,BSE,Finance
Anjani Foods Limited,ANJANIFOODS,BSE,Consumer non-durables
Anka India Ltd.,ANKIN,BSE,Technology services
Ankit Metal & Power Limited,ANKITMETAL,NSE,Non-energy minerals
Anlon Technology Solutions Limited,ANLON,NSE,Distribution services
Anmol India Ltd.,ANMOL,NSE,Distribution services
Anna Infrastructures Ltd.,ANNAINFRA,BSE,Finance
Annapurna Swadisht Limited,ANNAPURNA,NSE,Consumer non-durables
Anondita Medicare Limited,ANONDITA,NSE,Producer manufacturing
Ansal Properties & Infrastructure Ltd.,ANSALAPI,NSE,Finance
Ansal Buildwell Limited,ANSALBU,BSE,Consumer durables
Ansal Housing Ltd.,ANSALHSG,BSE,Finance
ANS Industries Ltd.,ANSINDUS,BSE,Consumer non-durables
Antarctica Ltd,ANTGRAPHIC,NSE,Process industries
Anthem Biosciences Limited,ANTHEM,NSE,Health technology
Anuh Pharma Limited,ANUHPHR,NSE,Health technology
Anup Engineering Ltd.,ANUP,NSE,Producer manufacturing
Anupam Finserv Limited,ANUPAM,BSE,Finance
Anupam Rasayan India Ltd.,ANURAS,NSE,Health technology
Anuroop Packaging Ltd.,ANUROOP,BSE,Process industries
Annvrridhhi Ventures Ltd,ANVRDHI,BSE,Commercial services
Anya Polytech & Fertilizers Limited,ANYA,NSE,Process industries
APAR Industries Limited,APARINDS,NSE,Electronic technology
Anjani Portland Cement Limited,APCL,NSE,Non-energy minerals
Apcotex Industries Ltd,APCOTEXIND,NSE,Process industries
Apex Frozen Foods Ltd.,APEX,NSE,Consumer non-durables
Apex Ecotech Ltd.,APEXECO,NSE,Utilities
AVI Products India Ltd,APIL,BSE,Consumer durables
Apis India Ltd,APIS,BSE,Consumer non-durables
Asston Pharmaceuticals Limited,APL,BSE,Distribution services
Aplab Limited,APLAB,BSE,Electronic technology
APL Apollo Tubes Limited,APLAPOLLO,NSE,Non-energy minerals
Alembic Pharmaceuticals Limited,APLLTD,NSE,Health technology
APM Industries Limited,APMIN,BSE,Process industries
Apollo Micro Systems Ltd.,APOLLO,NSE,Electronic technology
Apollo Finvest (India) Limited,APOLLOFI,BSE,Finance
Apollo Hospitals Enterprise Limited,APOLLOHOSP,NSE,Health services
Apollo Pipes Ltd.,APOLLOPIPE,NSE,Finance
Apollo Tyres Limited.,APOLLOTYRE,NSE,Consumer durables
Apollo Sindoori Hotels Ltd.,APOLSINHOT,NSE,Consumer services
Apoorva Leasing Finance & Investment Co. Ltd.,APOORVA,BSE,Finance
Aprameya Engineering Limited,APRAMEYA,NSE,Distribution services
Australian Premium Solar (India) Limited,APS,NSE,Electronic technology
Aptech Limited,APTECHT,NSE,Commercial services
Apt Packaging Ltd,APTPACK,BSE,Producer manufacturing
Aptus Value Housing Finance India Limited,APTUS,NSE,Finance
Arabian Petroleum Limited,ARABIAN,NSE,Process industries
Aravali Securities & Finance Ltd.,ARAVALIS,BSE,Finance
Arcee Industries Limited,ARCEEIN,BSE,Producer manufacturing
ARC Finance Ltd.,ARCFIN,BSE,Finance
Archidply Industries Limited,ARCHIDPLY,NSE,Producer manufacturing
Archies Limited,ARCHIES,NSE,Retail trade
Archit Organosys Ltd.,ARCHITORG,BSE,Process industries
ARC Insulation & Insulators Limited,ARCIIL,NSE,Non-energy minerals
ARCL Organics Ltd.,ARCL,BSE,Process industries
Amara Raja Energy & Mobility Ltd,ARE&M,NSE,Producer manufacturing
Rajdarshan Industries Limited,ARENTERP,NSE,Non-energy minerals
Arex Industries Limited,AREXMIS,BSE,Process industries
Arfin India Ltd,ARFIN,NSE,Non-energy minerals
Arham Technologies Limited,ARHAM,NSE,Consumer durables
Aries Agro Ltd.,ARIES,NSE,Process industries
Arigato Universe Limited,ARIGATO,BSE,Technology services
Arihant Foundations & Housing Limited,ARIHANT,BSE,Finance
Arihant Academy Ltd.,ARIHANTACA,NSE,Commercial services
Arihant Capital Markets Limited,ARIHANTCAP,NSE,Finance
Arihant Superstructures Limited,ARIHANTSUP,NSE,Finance
Arihant's Securities Ltd.,ARISE,BSE,Finance
ArisInfra Solutions Limited,ARISINFRA,NSE,Technology services
Aris International Ltd.,ARISINT,BSE,Producer manufacturing
Aristo Bio Tech and Lifescience Limited,ARISTO,NSE,Process industries
Arkade Developers Limited,ARKADE,NSE,Consumer durables
Anand Rayons Limited,ARL,BSE,Process industries
Arman Holdings Ltd,ARMAN,BSE,Process industries
Arman Financial Services Limited,ARMANFIN,NSE,Finance
Arnold Holdings Ltd.,ARNOLD,BSE,Finance
ARO Granite Industries Limited,AROGRANITE,NSE,Non-energy minerals
Arrow Greentech Limited,ARROWGREEN,NSE,Process industries
Arrowhead Seperation Engineering Limited,ARROWHEAD,BSE,Process industries
Arshiya Limited,ARSHIYA,NSE,Commercial services
Artefact Projects Limited,ARTEFACT,BSE,Industrial services
Artemis Medicare Services Ltd.,ARTEMISMED,NSE,Health services
Art Nirman Ltd,ARTNIRMAN,NSE,Consumer durables
Artson Ltd,ARTSON,BSE,Producer manufacturing
Aruna Hotels Ltd.,ARUNAHTEL,BSE,Consumer services
Arunaya Organics Limited,ARUNAYA,NSE,Process industries
Arunis Abode Ltd.,ARUNIS,BSE,Finance
Arvee Laboratories (India) Ltd.,ARVEE,NSE,Process industries
Arvind Limited,ARVIND,NSE,Process industries
Arvind Fashions Ltd.,ARVINDFASN,NSE,Retail trade
Arvind Port & Infra Ltd.,ARVINDPORT,NSE,Transportation
Arvind SmartSpaces Ltd.,ARVSMART,NSE,Finance
Aryaman Capital Markets Ltd.,ARYACAPM,BSE,Finance
Aryaman Financial Services Limited,ARYAMAN,BSE,Finance
Aryan Share & Stock Brokers Ltd.,ARYAN,BSE,Finance
Ecofinity Atomix Ltd,ARYAVAN,BSE,Distribution services
Asahi India Glass Limited,ASAHIINDIA,NSE,Consumer durables
Asahi Songwon Colors Ltd.,ASAHISONG,NSE,Process industries
Automotive Stampings & Assemblies Ltd.,ASAL,NSE,Producer manufacturing
Associated Alcohols & Breweries Ltd.,ASALCBR,NSE,Consumer non-durables
Asarfi Hospital Limited,ASARFI,BSE,Health services
Ascensive Educare Limited,ASCENSIVE,BSE,Commercial services
Ashiana Agro Industries Limited,ASHAI,BSE,Distribution services
Ashapura Logistics Limited,ASHALOG,NSE,Transportation
Ashapura Minechem Ltd,ASHAPURMIN,NSE,Non-energy minerals
Ashirwad Capital Limited,ASHCAP,BSE,Miscellaneous
Ashiana Housing Limited,ASHIANA,NSE,Finance
Ashika Credit Capital Limited,ASHIKA,BSE,Miscellaneous
Ashima Limited,ASHIMASYN,NSE,Process industries
Ashiana Ispat Limited,ASHIS,BSE,Non-energy minerals
Ashish Polyplast Limited,ASHISHPO,BSE,Producer manufacturing
Ashnisha Industries Ltd.,ASHNI,BSE,Non-energy minerals
Ashnoor Textile Mills Limited,ASHNOOR,BSE,Process industries
Ashoka Buildcon Limited,ASHOKA,NSE,Industrial services
Ashoka Metcast Limited,ASHOKAMET,NSE,Producer manufacturing
Ashok Leyland Limited,ASHOKLEY,NSE,Producer manufacturing
Ashoka Refineries Ltd.,ASHOKRE,BSE,Transportation
Ashram Online.com Ltd.,ASHRAM,BSE,Commercial services
Ashirwad Steels & Industries Ltd,ASHSI,BSE,Non-energy minerals
Tridev InfraEstates Limited,ASHUTPM,BSE,Process industries
Asian Warehousing Ltd.,ASIAN,BSE,Commercial services
Asian Energy Services Limited,ASIANENE,NSE,Energy minerals
Asian Hotels (North) Limited,ASIANHOTNR,NSE,Consumer services
Asian Paints Ltd.,ASIANPAINT,NSE,Process industries
Asian Granito India Limited,ASIANTILES,NSE,Producer manufacturing
Asian Tea & Exports Ltd.,ASIANTNE,BSE,Non-energy minerals
Asia Pack Ltd.,ASIAPAK,BSE,Commercial services
ASI Industries Ltd.,ASIIL,BSE,Non-energy minerals
Asian Petroproducts & Exports Ltd.,ASINPET,BSE,Producer manufacturing
Asit C. Mehta Financial Services Ltd.,ASITCFIN,BSE,Finance
ASK Automotive Limited,ASKAUTOLTD,NSE,Producer manufacturing
ASL Industries Ltd.,ASLIND,NSE,Producer manufacturing
Bartronics India Limited,ASMS,NSE,Electronic technology
ASM Technologies Ltd,ASMTEC,BSE,Technology services
Aspinwall and Company Limited,ASPINWALL,NSE,Transportation
Aspira Pathlab & Diagnostics Ltd.,ASPIRA,BSE,Health services
Aspire & Innovative Advertising Limited,ASPIRE,NSE,Distribution services
Add-Shop E-Retail Ltd.,ASRL,BSE,Health technology
Assam Entrade Ltd.,ASSAMENT,BSE,Finance
Associated Ceramics Ltd,ASSOCER,BSE,Non-energy minerals
Associated Coaters Limited,ASSOCIATED,BSE,Process industries
Astal Laboratories Ltd,ASTALLTD,BSE,Finance
Asian Star Co. Ltd.,ASTAR,BSE,Commercial services
Astec Lifesciences Limited,ASTEC,NSE,Process industries
Aster DM Healthcare Ltd.,ASTERDM,NSE,Health services
Astonea Labs Limited,ASTONEALAB,BSE,Health technology
Astral Limited,ASTRAL,NSE,Producer manufacturing
Astra Microwave Products Ltd.,ASTRAMICRO,NSE,Electronic technology
AstraZeneca Pharma India Limited,ASTRAZEN,NSE,Health technology
Astron Paper & Board Mill Ltd.,ASTRON,NSE,Process industries
Advance Syntex Ltd.,ASYL,BSE,Process industries
Atal Realtech Limited,ATALREAL,NSE,Consumer durables
Atam Valves Ltd.,ATAM,NSE,Producer manufacturing
Atc Energies System Limited,ATCENERGY,NSE,Producer manufacturing
Aten Papers & Foam Limited,ATENPAPERS,BSE,Distribution services
Adani Total Gas Ltd.,ATGL,NSE,Utilities
Atharv Enterprises Limited,ATHARVENT,BSE,Commercial services
Athena Constructions Ltd.,ATHCON,BSE,Consumer durables
Athena Global Technologies Limited,ATHENAGLO,BSE,Technology services
Ather Energy Limited,ATHERENERG,NSE,Consumer durables
Atishay Ltd.,ATISHAY,BSE,Technology services
Allcargo Terminals Limited,ATL,NSE,Transportation
Atlantaa Ltd,ATLANTAA,NSE,Industrial services
Atlas Cycles Haryana Ltd.,ATLASCYCLE,NSE,Consumer durables
Atmastco Limited,ATMASTCO,NSE,Producer manufacturing
Atul Limited,ATUL,NSE,Process industries
Atul Auto Ltd,ATULAUTO,NSE,Consumer durables
Atvo Enterprises Ltd,ATVOENT,BSE,Consumer non-durables
ATV Projects India Limited,ATVPR,BSE,Producer manufacturing
AU Small Finance Bank Limited,AUBANK,NSE,Finance
Aurangabad Distillery Ltd.,AURDIS,NSE,Consumer non-durables
Aurionpro Solutions Limited,AURIONPRO,NSE,Technology services
Auro Impex & Chemicals Ltd.,AUROIMPEX,NSE,Producer manufacturing
Auro Laboratories Limited,AUROLAB,BSE,Health technology
Aurobindo Pharma Ltd,AUROPHARMA,NSE,Health technology
Aurum Proptech Limited,AURUM,NSE,Technology services
Aditya Ultra Steel Limited,AUSL,NSE,Non-energy minerals
Ausom Enterprise Limited,AUSOMENT,NSE,Finance
Austin Engineering Co. Ltd.,AUSTENG,BSE,Producer manufacturing
Austere Systems Limited,AUSTERE,BSE,Technology services
Automotive Axles Limited,AUTOAXLES,NSE,Producer manufacturing
Autoline Industries Limited,AUTOIND,NSE,Producer manufacturing
Autoriders International Ltd.,AUTOINT,BSE,Finance
Auto Pins (India) Ltd,AUTOPINS,BSE,Producer manufacturing
Avadh Sugar & Energy Ltd.,AVADHSUGAR,NSE,Process industries
Available Finance Limited,AVAILFC,BSE,Finance
Avalon Technologies Limited,AVALON,NSE,Electronic technology
Avance Technologies Limited,AVANCE,BSE,Technology services
Avantel Limited,AVANTEL,NSE,Electronic technology
Avanti Feeds Limited,AVANTIFEED,NSE,Process industries
Avasara Finance Limited,AVASARA,BSE,Finance
Avax Apparels and Ornaments Limited,AVAX,BSE,Distribution services
Aveer Foods Ltd.,AVEER,BSE,Consumer non-durables
AVG Logistics Ltd.,AVG,NSE,Transportation
AVI Polymers Ltd.,AVI,BSE,Producer manufacturing
Avi Ansh Textile Limited,AVIANSH,NSE,Process industries
Aviva Industries Limited,AVIVA,BSE,Process industries
Aditya Vision Ltd.,AVL,NSE,Retail trade
Avonmore Capital & Management Services Limited,AVONMORE,NSE,Finance
Avp Infracon Ltd.,AVPINFRA,NSE,Industrial services
AVRO India Ltd.,AVROIND,NSE,Consumer durables
AVT Natural Products Limited,AVTNPL,NSE,Consumer non-durables
Awfis Space Solutions Limited,AWFIS,NSE,Finance
Antony Waste Handling Cell Ltd.,AWHCL,NSE,Transportation
AWL Agri Business Ltd,AWL,NSE,Process industries
Axel Polymers Limited,AXELPOLY,BSE,Process industries
Axis Bank Limited,AXISBANK,NSE,Finance
AXISCADES Technologies Ltd.,AXISCADES,NSE,Commercial services
Axis Solution Ltd,AXISOL,BSE,Technology services
Axita Cotton Ltd.,AXITA,NSE,Process industries
Axtel Industries Limited,AXTEL,BSE,Producer manufacturing
AYM Syntex Limited,AYMSYNTEX,NSE,Process industries
Azad Engineering Limited,AZAD,NSE,Producer manufacturing
Azad India Mobility Ltd,AZADIND,BSE,Non-energy minerals
Aztec Fluids & Machinery Ltd.,AZTEC,BSE,Producer manufacturing
B2B Software Technologies Limited,B2BSOFT,BSE,Technology services
Baba Arts Limited,BABA,BSE,Consumer services
Baba Food Processing (India) Limited,BABAFP,NSE,Process industries
Bacil Pharma Ltd,BACPHAR,BSE,Health technology
Bafna Pharmaceuticals Limited,BAFNAPH,NSE,Health technology
B.A.G. Films & Media Ltd.,BAGFILMS,NSE,Consumer services
Baheti Recycling Industries Limited,BAHETI,NSE,Producer manufacturing
Baid Finserv Limited,BAIDFIN,NSE,Finance
Bajaj Consumer Care Limited,BAJAJCON,NSE,Consumer non-durables
Bajaj Electricals Limited,BAJAJELEC,NSE,Consumer durables
Bajaj Finserv Limited,BAJAJFINSV,NSE,Finance
Bajaj Healthcare Ltd,BAJAJHCARE,NSE,Health technology
Bajaj Housing Finance Ltd.,BAJAJHFL,NSE,Finance
Bajaj Hindusthan Sugar Limited,BAJAJHIND,NSE,Process industries
Bajaj Holdings & Investment Limited.,BAJAJHLDNG,NSE,Finance
Indef Manufacturing Limited,BAJAJINDEF,NSE,Producer manufacturing
Bajaj Steel Industries Limited,BAJAJST,BSE,Process industries
Bajaj Auto Limited,BAJAJ_AUTO,NSE,Consumer durables
Bajel Projects Limited,BAJEL,NSE,Industrial services
Bajaj Finance Limited,BAJFINANCE,NSE,Finance
Shree Tirupati Balajee Agro Trading Company Limited,BALAJEE,NSE,Process industries
Balaji Phosphates Ltd.,BALAJIPHOS,NSE,Process industries
Balaji Telefilms Limited,BALAJITELE,NSE,Consumer services
Balaji Amines Limited,BALAMINES,NSE,Process industries
Balaxi Pharmaceuticals Limited,BALAXI,NSE,Distribution services
Solve Plastic Products Limited,BALCO,NSE,Producer manufacturing
Balgopal Commercial Ltd.,BALGOPAL,BSE,Producer manufacturing
Balkrishna Paper Mills Ltd.,BALKRISHNA,NSE,Process industries
Balkrishna Industries Limited,BALKRISIND,NSE,Consumer durables
Balmer Lawrie & Co. Ltd.,BALMLAWRIE,NSE,Producer manufacturing
Bal Pharma Limited,BALPHARMA,NSE,Health technology
Balrampur Chini Mills Ltd,BALRAMCHIN,NSE,Process industries
Balurghat Technologies Limited,BALTE,BSE,Transportation
Balu Forge Industries Ltd,BALUFORGE,NSE,Producer manufacturing
Bambino Agro Industries Limited,BAMBINO,BSE,Consumer non-durables
Bampsl Securities Limited,BAMPSL,BSE,Finance
Banaras Beads Limited,BANARBEADS,NSE,Consumer durables
Bannari Amman Sugars Limited,BANARISUG,NSE,Process industries
Banas Finance Ltd,BANASFN,BSE,Finance
Banco Products (India) Limited,BANCOINDIA,NSE,Producer manufacturing
Bandaram Pharma Packtech Limited,BANDARAM,BSE,Health technology
Bandhan Bank Ltd.,BANDHANBNK,NSE,Finance
Bang Overseas Limited,BANG,NSE,Consumer non-durables
Banganga Paper Industries Ltd,BANGANGA,BSE,Producer manufacturing
Banka BioLoo Ltd.,BANKA,NSE,Industrial services
Bank of Baroda,BANKBARODA,NSE,Finance
Bank of India,BANKINDIA,NSE,Finance
Bansal Wire Industries Limited,BANSALWIRE,NSE,Non-energy minerals
Banswara Syntex Ltd,BANSWRAS,NSE,Process industries
B&A Packaging India Ltd.,BAPACK,BSE,Process industries
Barbeque Nation Hospitality Ltd.,BARBEQUE,NSE,Consumer services
Barflex Polyfilms Ltd.,BARFLEX,NSE,Process industries
Baroda Rayon Corp Ltd,BARODARY,BSE,Process industries
Baroda Extrusion Limited,BAROEXT,BSE,Non-energy minerals
Baron Infotech Ltd.,BARONINF,BSE,Technology services
Basant Agro Tech (India) Limited,BASANTGL,BSE,Process industries
BASF India Limited,BASF,NSE,Process industries
Basilic Fly Studio Ltd.,BASILIC,NSE,Consumer services
Bannari Amman Spinning Mills Limited,BASML,NSE,Process industries
Bata India Ltd,BATAINDIA,NSE,Consumer non-durables
Batliboi Limited,BATLIBOI,BSE,Producer manufacturing
Baweja Studios Limited,BAWEJA,NSE,Consumer services
Bayer Cropscience India Limited,BAYERCROP,NSE,Process industries
Bazel International Ltd.,BAZELINTER,BSE,Finance
Bharat Bijlee Limited,BBL,NSE,Producer manufacturing
Black Box Limited,BBOX,NSE,Technology services
Bombay Burmah Trading Corp. Ltd.,BBTC,NSE,Consumer non-durables
B&B Triplewall Containers Ltd.,BBTCL,NSE,Process industries
BCC Fuba India Ltd.,BCCFUBA,BSE,Electronic technology
Bhatia Colour Chem Limited,BCCL,BSE,Process industries
Brightcom Group Limited,BCG,NSE,Technology services
BCL Enterprises Ltd.,BCLENTERPR,BSE,Finance
BCL Industries Ltd,BCLIND,NSE,Consumer non-durables
Brand Concepts Ltd.,BCONCEPTS,NSE,Consumer durables
B.C. Power Controls Ltd.,BCP,BSE,Producer manufacturing
BCPL Railway Infrastructure Ltd.,BCPL,BSE,Industrial services
BDH Industries Limited,BDH,BSE,Health technology
B. D. Industries (Pune) Limited,BDI,BSE,Producer manufacturing
Bharat Dynamics Ltd.,BDL,NSE,Electronic technology
Beacon Trusteeship Ltd.,BEACON,NSE,Miscellaneous
Beardsell Limited,BEARDSELL,NSE,Process industries
Mrs. Bector's Food Specialities Ltd.,BECTORFOOD,NSE,Consumer non-durables
Bedmutha Industries Limited,BEDMUTHA,NSE,Non-energy minerals
Beekay Steel Industries Ltd.,BEEKAY,BSE,Non-energy minerals
Beeyu Overseas Ltd.,BEEYU,BSE,Finance
Beezaasan Explotech Limited,BEEZAASAN,BSE,Process industries
Befound Movement Ltd,BEFOUNDMOL,BSE,Finance
Bharat Electronics Limited,BEL,NSE,Electronic technology
Bella Casa Fashion & Retail Ltd.,BELLACASA,NSE,Consumer durables
Belrise Industries Limited,BELRISE,NSE,Producer manufacturing
Bemco Hydraulics Limited,BEMHY,BSE,Producer manufacturing
BEML Limited,BEML,NSE,Producer manufacturing
Benara Bearings & Pistons Ltd.,BENARA,BSE,Producer manufacturing
Benares Hotels Limited,BENARAS,BSE,Consumer services
Benchmark Computer Solutions Ltd.,BENCHMARK,BSE,Technology services
Bengal & Assam Co. Ltd.,BENGALASM,BSE,Consumer durables
Bengal Tea & Fabrics Ltd,BENGALT,BSE,Consumer non-durables
Bhansali Engineering Polymers Ltd.,BEPL,NSE,Process industries
Berger Paints India Limited,BERGEPAINT,NSE,Process industries
Beryl Drugs Limited,BERLDRG,BSE,Health technology
Bervin Investment & Leasing Ltd.,BERVINL,BSE,Finance
Beryl Securities Limited,BERYLSE,BSE,Finance
Best Agrolife Ltd.,BESTAGRO,NSE,Process industries
Best Eastern Hotels Limited,BESTEAST,BSE,Consumer services
Beta Drugs Ltd.,BETA,NSE,Health technology
Betex India Ltd.,BETXIND,BSE,Process industries
BEW Engineering Ltd.,BEWLTD,NSE,Producer manufacturing
Bangalore Fort Farms Ltd.,BFFL,BSE,Producer manufacturing
BF Investment Limited,BFINVEST,NSE,Finance
BFL Asset Finvest Ltd,BFLAFL,BSE,Finance
BF Utilities Ltd.,BFUTILITIE,NSE,Industrial services
Bharat Global Developers Ltd,BGDL,BSE,Consumer durables
BGIL Films & Technologies Limited,BGIL,BSE,Consumer services
Bhakti Gems & Jewellery Ltd.,BGJL,BSE,Consumer durables
Bharatiya Global Infomedia Limited,BGLOBAL,NSE,Commercial services
BGR Energy Systems Limited,BGRENERGY,NSE,Industrial services
Bhagwati Autocast Limited,BGWTATO,BSE,Non-energy minerals
Bhadora Industries Limited,BHADORA,NSE,Producer manufacturing
Bhagiradha Chemicals & Industries Ltd.,BHAGCHEM,NSE,Process industries
Bhageria Industries Ltd.,BHAGERIA,NSE,Process industries
Bhagawati Oxygen Ltd.,BHAGWOX,BSE,Energy minerals
Bhagyanagar India Limited,BHAGYANGR,NSE,Producer manufacturing
Bhandari Hosiery Exports Ltd,BHANDARI,NSE,Consumer non-durables
Bharat Bhushan Finance & Commodity Brokers Ltd,BHARAT,BSE,Finance
Bharat Agri Fert & Realty Ltd.,BHARATAGRI,BSE,Process industries
Bharat Forge Ltd,BHARATFORG,NSE,Producer manufacturing
Bharat Gears Limited,BHARATGEAR,NSE,Producer manufacturing
Bharat Rasayan Limited,BHARATRAS,NSE,Process industries
Bharat Seats Limited,BHARATSE,NSE,Producer manufacturing
Bharat Wire Ropes Ltd.,BHARATWIRE,NSE,Producer manufacturing
Bharti Airtel Limited,BHARTIARTL,NSE,Communications
Bharti Hexacom Limited,BHARTIHEXA,NSE,Communications
Bhaskar Agrochemicals Ltd.,BHASKAGR,BSE,Process industries
Bharat Textiles & Proofing Industries Ltd.,BHATEXT,BSE,Process industries
Bhatia Communications & Retail (India) Ltd.,BHATIA,BSE,Retail trade
Bharat Heavy Electricals Limited,BHEL,NSE,Producer manufacturing
Bhilwara Spinners Limited,BHILSPIN,BSE,Process industries
Bhudevi Infra Projects Limited,BHUDEVI,BSE,Process industries
Bilcare Ltd,BI,BSE,Process industries
Bharat Immunologicals & Biologicals Corp. Ltd.,BIBCL,BSE,Health technology
BIGBLOC Construction Ltd,BIGBLOC,NSE,Non-energy minerals
Bihar Sponge Iron Limited,BIHSPONG,BSE,Non-energy minerals
Bijoy Hans Ltd.,BIJHANS,BSE,Distribution services
Bikaji Foods International Ltd.,BIKAJI,NSE,Consumer non-durables
Bikewo Green Tech Limited,BIKEWO,NSE,Retail trade
Bhartiya International Limited,BIL,NSE,Consumer non-durables
Billwin Industries Limited,BILLWIN,BSE,Consumer non-durables
Bil Vyapar Ltd,BILVYAPAR,NSE,Consumer durables
Bimetal Bearings Limited,BIMETAL,BSE,Producer manufacturing
Binny Mills Ltd.,BINNYMILLS,BSE,Process industries
Biocon Limited,BIOCON,NSE,Health technology
Biofil Chemicals & Pharmaceuticals Ltd.,BIOFILCHEM,NSE,Health technology
Biogen Pharmachem Industries Limited,BIOGEN,BSE,Finance
Grill Splendour Services Ltd.,BIRDYS,NSE,Consumer non-durables
Birla Cable Limited,BIRLACABLE,NSE,Producer manufacturing
Birla Corporation Limited,BIRLACORPN,NSE,Non-energy minerals
Aditya Birla Money Limited,BIRLAMONEY,NSE,Finance
Birlanu Limited,BIRLANU,NSE,Non-energy minerals
Birla Precision Technologies Limited,BIRLAPREC,BSE,Producer manufacturing
Bisil Plast Limited,BISIL,BSE,Process industries
Bits Limited,BITS,BSE,Technology services
Bizotic Commercial Ltd.,BIZOTIC,BSE,Consumer non-durables
BKV Industries Limited,BKV,BSE,Process industries
Zinka Logistics Solutions Limited,BLACKBUCK,NSE,Technology services
Black Rose Industries Limited,BLACKROSE,BSE,Distribution services
BEML Land Assets Limited,BLAL,NSE,Finance
BLB Limited,BLBLIMITED,NSE,Finance
Balmer Lawrie Investments Limited,BLIL,BSE,Commercial services
Bliss GVS Pharma Limited,BLISSGVS,NSE,Health technology
B.L. Kashyap & Sons Ltd.,BLKASHYAP,NSE,Industrial services
Bloom Industries Ltd.,BLOIN,BSE,Non-energy minerals
Bloom Dekor Ltd,BLOOM,BSE,Producer manufacturing
BLS International Services Ltd.,BLS,NSE,Technology services
BLS E-Services Limited,BLSE,NSE,Technology services
BLT Logistics Limited,BLT,BSE,Transportation
Blue Chip India Ltd,BLUECHIP,NSE,Finance
Blue Chip Tex Industries Limited,BLUECHIPT,BSE,Process industries
Blue Cloud Softech Solutions Ltd.,BLUECLOUDS,BSE,Process industries
Blue Coast Hotels Limited,BLUECOAST,NSE,Consumer services
Blue Dart Express Limited,BLUEDART,NSE,Transportation
Bluegod Entertainment Ltd,BLUEGOD,BSE,Process industries
Blue Jet Healthcare Limited,BLUEJET,NSE,Health technology
Blue Pebble Limited,BLUEPEBBLE,NSE,Commercial services
Blue Star Limited,BLUESTARCO,NSE,Producer manufacturing
Bluestone Jewellery and Lifestyle Limited,BLUESTONE,NSE,Retail trade
Blue Water Logistics Limited,BLUEWATER,NSE,Transportation
Bluspring Enterprises Ltd,BLUSPRING,NSE,Commercial services
Bombay Metrics Supply Chain Ltd.,BMETRICS,NSE,Industrial services
BMW Industries Ltd,BMW,BSE,Non-energy minerals
BN Agrochem Ltd,BNAGROCHEM,BSE,Process industries
B & A Limited,BNALTD,BSE,Process industries
B.N. Rathi Securities Limited,BNRSEC,BSE,Finance
BNR Udyog Limited,BNRUDY,BSE,Commercial services
Bodal Chemicals Limited,BODALCHEM,NSE,Process industries
Bodhtree Consulting Ltd.,BODHTREE,BSE,Commercial services
Bohra Industries Ltd.,BOHRAIND,NSE,Process industries
Bombay Cycle & Motor Agency Ltd.,BOMBCYC,BSE,Consumer services
Bombay Wire Ropes Ltd,BOMBWIR,BSE,Producer manufacturing
Bombay Dyeing & Manufacturing Co. Ltd.,BOMDYEING,NSE,Process industries
Bombay Oxygen Investments Limited,BOMOXY_B1,BSE,Finance
Bombay Talkies Limited,BOMTALKIES,BSE,Finance
Bondada Engineering Limited,BONDADA,BSE,Industrial services
Bonlon Industries Ltd,BONLON,BSE,Producer manufacturing
Borana Weaves Limited,BORANA,NSE,Process industries
Borosil Ltd,BOROLTD,NSE,Producer manufacturing
Borosil Renewables Limited,BORORENEW,NSE,Process industries
Borosil Scientific Limited,BOROSCI,NSE,Process industries
Bosch Limited,BOSCHLTD,NSE,Producer manufacturing
Boss Packaging Solutions Limited,BOSS,NSE,Producer manufacturing
Boston Bio Systems Limited,BOSTONBIO,BSE,Finance
Blue Pearl Agriventures Ltd.,BPAGRI,BSE,Process industries
B. P. Capital Ltd.,BPCAP,BSE,Finance
Bharat Petroleum Corporation Limited,BPCL,NSE,Energy minerals
BPL Limited,BPL,NSE,Electronic technology
Bharat Parenterals Ltd.,BPLPHARMA,BSE,Health technology
Brace Port Logistics Limited,BRACEPORT,NSE,Transportation
Brady & Morris Engineering Co. Ltd.,BRADYM,BSE,Producer manufacturing
Brahmaputra Infrastructure Ltd.,BRAHMINFRA,BSE,Industrial services
Brawn Biotech Limited,BRAWN,BSE,Health technology
B.R.Goyal Infrastructure Limited,BRGIL,BSE,Industrial services
Bridge Securities Limited,BRIDGESE,BSE,Finance
Brigade Enterprises Limited,BRIGADE,NSE,Finance
Brigade Hotel Ventures Limited,BRIGHOTEL,NSE,Consumer services
Bright Outdoor Media Ltd.,BRIGHT,BSE,Commercial services
Bright Brothers Limited,BRIGHTBR,BSE,Process industries
Brijlaxmi Leasing & Finance Ltd.,BRIJLEAS,BSE,Finance
Brisk Technovision Limited,BRISK,BSE,Distribution services
Britannia Industries Ltd,BRITANNIA,NSE,Consumer non-durables
Bharat Road Network Ltd.,BRNL,NSE,Industrial services
Broach Lifecare Hospital Limited,BROACH,BSE,Health services
Brooks Laboratories Limited,BROOKS,NSE,Health technology
Bansal Roofing Products Ltd,BRPL,BSE,Producer manufacturing
B-Right Realestate Ltd.,BRRL,BSE,Consumer durables
BSE Ltd.,BSE,NSE,Finance
BSEL Algo Ltd,BSELALGO,BSE,Finance
Bombay Super Hybrid Seeds Ltd.,BSHSL,NSE,Process industries
BSL Ltd,BSL,NSE,Process industries
Birlasoft Limited,BSOFT,NSE,Technology services
Bodhi Tree Multimedia Ltd.,BTML,NSE,Consumer services
Bhilwara Technical Textiles Limited,BTTL,BSE,Process industries
Bulkcorp International Limited,BULKCORP,NSE,Process industries
Butterfly Gandhimathi Appliances Limited,BUTTERFLY,NSE,Consumer durables
Barak Valley Cements Limited,BVCL,NSE,Non-energy minerals
Byke Hospitality Ltd.,BYKE,NSE,Consumer services
C2C Advanced Systems Ltd.,C2C,NSE,Technology services
Cadsys (India) Ltd.,CADSYS,NSE,Technology services
Calcom Vision Limited,CALCOM,BSE,Producer manufacturing
California Software Co. Ltd.,CALSOFT,NSE,Technology services
Camex Limited,CAMEXLTD,BSE,Process industries
Camlin Fine Sciences Limited,CAMLINFINE,NSE,Process industries
Campus Activewear Ltd.,CAMPUS,NSE,Consumer non-durables
Computer Age Management Services Ltd,CAMS,NSE,Technology services
Canarys Automations Ltd.,CANARYS,NSE,Technology services
Canara Bank,CANBK,NSE,Finance
Candour Techtex Limited,CANDOUR,BSE,Process industries
Can Fin Homes Ltd.,CANFINHOME,NSE,Finance
Cantabil Retail India Limited,CANTABIL,NSE,Consumer non-durables
Capacit'e Infraprojects Ltd.,CAPACITE,NSE,Industrial services
Capfin India Ltd,CAPFIN,BSE,Finance
Capital Small Finance Bank Limited,CAPITALSFB,NSE,Finance
Caplin Point Laboratories Limited,CAPLIPOINT,NSE,Health technology
Captain Pipes Limited,CAPPIPES,BSE,Producer manufacturing
Capricorn Systems Global Solutions Limited,CAPRICORN,BSE,Technology services
Caprihans India Ltd.,CAPRIHANS,BSE,Process industries
Caprolactam Chemicals Ltd.,CAPRO,BSE,Commercial services
Capital Trust Ltd. (India),CAPTRUST,NSE,Finance
Carborundum Universal Limited,CARBORUNIV,NSE,Process industries
CARE Ratings Ltd,CARERATING,NSE,Commercial services
Cargosol Logistics Limited,CARGOSOL,BSE,Transportation
Cargotrans Maritime Ltd.,CARGOTRANS,BSE,Transportation
Carraro India Ltd.,CARRARO,NSE,Producer manufacturing
CarTrade Tech Ltd.,CARTRADE,NSE,Technology services
Carysil Limited,CARYSIL,NSE,Consumer durables
Caspian Corporate Services Ltd.,CASPIAN,BSE,Commercial services
Castrol India Limited,CASTROLIND,NSE,Energy minerals
Catvision Limited,CATVISION,BSE,Electronic technology
Net Avenue Technologies Ltd.,CBAZAAR,NSE,Retail trade
Chandra Bhagat Pharma Ltd.,CBPL,BSE,Distribution services
City Crops Agro Limited,CCAL,BSE,Distribution services
Consolidated Construction Consortium Limited,CCCL,NSE,Industrial services
Country Club Hospitality & Holidays Limited,CCHHL,NSE,Consumer services
CCL Products (India) Limited,CCL,NSE,Consumer non-durables
CCL International Limited,CCLINTER,BSE,Industrial services
CDG Petchem Ltd,CDG,BSE,Process industries
Central Depository Services (India) Limited,CDSL,NSE,Finance
CEAT Limited,CEATLTD,NSE,Consumer durables
Cedaar Textile Ltd.,CEDAAR,NSE,Process industries
Ceejay Finance Limited,CEEJAY,BSE,Finance
Ceenik Exports (India) Limited,CEENIK,BSE,Consumer non-durables
Ceeta Industries Limited,CEETAIN,BSE,Producer manufacturing
Ceigall India Limited,CEIGALL,NSE,Industrial services
Ceinsys Tech Ltd,CEINSYSTECH,BSE,Industrial services
Celebrity Fashions Limited,CELEBRITY,NSE,Consumer non-durables
Cella Space Limited,CELLA,BSE,Process industries
Cellecor Gadgets Limited,CELLECOR,NSE,Consumer durables
Cello World Limited,CELLO,NSE,Consumer durables
Cell Point (India) Limited,CELLPOINT,NSE,Retail trade
Cemantic Infra Tech Ltd.,CEMAINFRA,BSE,Consumer durables
Cemindia Projects Ltd,CEMPRO,NSE,Industrial services
Cenlub Industries Limited,CENLUB,BSE,Producer manufacturing
Century Enka Limited,CENTENKA,NSE,Process industries
Century Extrusions Ltd,CENTEXT,NSE,Producer manufacturing
Central Bank of India,CENTRALBK,NSE,Finance
Centrum Capital Limited,CENTRUM,NSE,Finance
Centum Electronics Limited,CENTUM,NSE,Electronic technology
Century Plyboards (India) Ltd.,CENTURYPLY,NSE,Producer manufacturing
Cera Sanitaryware Limited,CERA,NSE,Consumer durables
Cerebra Integrated Technologies Limited,CEREBRAINT,NSE,Electronic technology
CESC Ltd,CESC,NSE,Utilities
Concord Enviro Systems Limited,CEWATER,NSE,Industrial services
Confidence Futuristic Energetech Ltd.,CFEL,BSE,Process industries
CFF Fluid Control Limited,CFF,BSE,Industrial services
Classic Filaments Ltd.,CFL,BSE,Process industries
Capri Global Capital Limited,CGCL,NSE,Finance
Credent Global Finance Limited,CGFL,BSE,Finance
CG Power & Industrial Solutions Ltd,CGPOWER,NSE,Producer manufacturing
Creative Graphics Solutions India Ltd.,CGRAPHICS,NSE,Commercial services
CG-VAK Software & Exports Ltd.,CGVAK,BSE,Technology services
Chalet Hotels Ltd.,CHALET,NSE,Consumer services
Challani Capital Limited,CHALLANI,BSE,Finance
Chambal Fertilisers & Chemicals Ltd.,CHAMBLFERT,NSE,Process industries
Chamunda Electrical Limited,CHAMUNDA,NSE,Industrial services
CHANDAN HEALTHCARE LIMITED,CHANDAN,NSE,Health services
Chandni Machines Ltd.,CHANDNIMACH,BSE,Producer manufacturing
Chandra Prabhu International Limited.,CHANDRAP,BSE,Energy minerals
Chandrima Mercantiles Ltd.,CHANDRIMA,BSE,Distribution services
Charms Industries Limited,CHARMS,BSE,Distribution services
Chatha Foods Ltd.,CHATHA,BSE,Consumer non-durables
Chavda Infra Limited,CHAVDA,NSE,Consumer durables
Cian Healthcare Limited,CHCL,BSE,Health technology
Chd Chemicals Ltd,CHDCHEM,BSE,Process industries
Checkpoint Trends Limited,CHECKPOINT,BSE,Distribution services
Chembond Material Technologies Limited,CHEMBOND,NSE,Process industries
Chembond Chemicals Limited,CHEMBONDCH,NSE,Process industries
Chemcon Speciality Chemicals Ltd,CHEMCON,NSE,Process industries
Chemcrux Enterprises Ltd.,CHEMCRUX,BSE,Process industries
Chemfab Alkalis Ltd.,CHEMFAB,NSE,Process industries
Chemkart India Ltd.,CHEMKART,BSE,Health technology
Chemo Pharma Laboratories Ltd. (India),CHEMOPH,BSE,Health technology
Chemplast Sanmar Limited,CHEMPLASTS,NSE,Process industries
Chemtech Industrial Valves Ltd.,CHEMTECH,BSE,Producer manufacturing
Chennai Ferrous Industries Ltd,CHENFERRO,BSE,Non-energy minerals
Chennai Petroleum Corporation Limited,CHENNPETRO,NSE,Energy minerals
Chetana Education Limited,CHETANA,NSE,Consumer services
Cheviot Co. Ltd.,CHEVIOT,NSE,Process industries
CHL Limited,CHLLTD,BSE,Consumer services
Chartered Logistics Limited,CHLOGIST,BSE,Transportation
Chambal Breweries & Distilleries Ltd.,CHMBBRW,BSE,Consumer non-durables
Choice International Limited,CHOICEIN,NSE,Commercial services
Choksi Asia Ltd,CHOKSI,BSE,Health technology
Choksi Laboratories Limited,CHOKSILA,BSE,Commercial services
Cholamandalam Investment and Finance Co. Ltd.,CHOLAFIN,NSE,Finance
Cholamandalam Financial Holdings Ltd,CHOLAHLDNG,NSE,Finance
Chordia Food Products Limited,CHORDIA,BSE,Consumer non-durables
Chowgule Steamships Limited,CHOWGULSTM,BSE,Transportation
CHPL Industries Ltd.,CHPLIND,BSE,Consumer durables
Chrome Silicon Ltd,CHROME,BSE,Non-energy minerals
Chartered Capital & Investment Ltd.,CHRTEDCA,BSE,Finance
CIAN Agro Industries & Infrastructure Limited,CIANAGRO,BSE,Process industries
CIE Automotive India Ltd,CIEINDIA,NSE,Producer manufacturing
Capital India Finance Ltd,CIFL,NSE,Finance
Cigniti Technologies Limited,CIGNITITEC,NSE,Technology services
Citizen Infoline Ltd,CIL,BSE,Commercial services
CIL Securities Limited,CILSEC,BSE,Finance
Cindrella Hotels Ltd,CINDHO,BSE,Consumer services
Cindrella Financial Services Ltd.,CINDRELL,BSE,Finance
Cineline India Limited,CINELINE,NSE,Consumer services
Cinevista Ltd.,CINEVISTA,NSE,Consumer services
Cipla Ltd,CIPLA,NSE,Health technology
Citadel Realty & Developers Ltd.,CITADEL,BSE,Finance
Citichem India Limited,CITICHEM,BSE,Distribution services
Citiport Financial Services Ltd.,CITIPOR,BSE,Finance
Consecutive Investment & Trading Company Ltd,CITL,BSE,Finance
Cityman Limited,CITYMAN,BSE,Consumer non-durables
City Online Services Ltd,CITYONLINE,BSE,Communications
Jay Ambe Supermarkets Limited,CITYSQUARE,BSE,Retail trade
C.J. Gelatine Products Ltd.,CJGEL,BSE,Consumer non-durables
Clara Industries Ltd.,CLARA,BSE,Process industries
Classic Electrodes India Limited,CLASSICEIL,NSE,Producer manufacturing
Clean Science & Technology Ltd.,CLEAN,NSE,Process industries
CL Educate Ltd.,CLEDUCATE,NSE,Commercial services
Clenon Enterprises Ltd,CLENON,BSE,Producer manufacturing
Classic Leasing & Finance Ltd.,CLFL,BSE,Finance
Clio Infotech Limited,CLIOINFO,BSE,Technology services
CLN Energy Limited,CLN,BSE,Producer manufacturing
Chaman Lal Setia Exports Limited,CLSEL,NSE,Process industries
Crop Life Science Ltd.,CLSL,NSE,Process industries
Corporate Merchant Bankers Ltd.,CMBL,BSE,Finance
CMI Limited,CMICABLES,NSE,Producer manufacturing
Chennai Meenakshi Multispeciality Hospital Limited,CMMHOSP,BSE,Health services
Chaman Metallics Ltd.,CMNL,NSE,Non-energy minerals
Cyber Media Research & Services Ltd.,CMRSL,NSE,Technology services
CMS Info Systems Ltd.,CMSINFO,NSE,Finance
CMX Holdings Limited,CMXLTD,BSE,Finance
Concord Control Systems Limited,CNCRD,BSE,Electronic technology
CapitalNumbers Infotech Limited,CNINFOTECH,BSE,Technology services
Coal India Ltd.,COALINDIA,NSE,Energy minerals
Coastal Roadways Ltd,COARO,BSE,Transportation
Coastal Corporation Limited,COASTCORP,NSE,Transportation
Cochin Minerals & Rutile Ltd.,COCHINM,BSE,Non-energy minerals
Cochin Shipyard Limited,COCHINSHIP,NSE,Producer manufacturing
Cochin Malabar Estates & Industries Ltd.,COCHMAL,BSE,Industrial services
John Cockerill India Limited,COCKERILL,BSE,Non-energy minerals
Coffee Day Enterprises Ltd,COFFEEDAY,NSE,Consumer services
Coforge Limited,COFORGE,NSE,Technology services
Cohance Lifesciences Ltd,COHANCE,NSE,Health technology
Colab Platforms Limited,COLAB,BSE,Distribution services
Colinz Laboratories Ltd,COLINZ,BSE,Health technology
Colorchips New Media Ltd.,COLORCHIPS,BSE,Consumer services
Colgate-Palmolive (India) Limited,COLPAL,NSE,Consumer non-durables
Comfort Commotrade Ltd.,COMCL,BSE,Finance
Comfort Fincap Ltd.,COMFINCAP,BSE,Finance
Comfort Intech Limited,COMFINTE,BSE,Commercial services
Committed Cargo Care Limited,COMMITTED,NSE,Transportation
Competent Automobiles Co. Ltd.,COMPEAU,BSE,Retail trade
Compuage Infocom Ltd,COMPINFO,NSE,Technology services
Computer Point Ltd.,COMPUPN,BSE,Distribution services
Compucom Software Limited,COMPUSOFT,NSE,Technology services
Comrade Appliances Limited,COMRADE,BSE,Producer manufacturing
Commercial Syn Bags Limited,COMSYN,NSE,Process industries
Conart Engineers Limited,CONART,BSE,Industrial services
Container Corporation of India Limited,CONCOR,NSE,Transportation
Concord Drugs Ltd,CONCORD,BSE,Health technology
Concord Biotech Ltd.,CONCORDBIO,NSE,Commercial services
Confidence Petroleum India Limited,CONFIPET,NSE,Retail trade
Connplex Cinemas Limited,CONNPLEX,NSE,Consumer services
Consolidated Finvest & Holdings LTd,CONSOFINVT,NSE,Finance
Constronics Infra Limited,CONSTRONIC,BSE,Distribution services
Containe Technologies Ltd.,CONTAINE,BSE,Electronic technology
Containerway International Ltd.,CONTAINER,BSE,Transportation
Continental Chemicals Limited,CONTCHM,BSE,Technology services
Continental Seeds & Chemicals Ltd.,CONTI,NSE,Non-energy minerals
Continental Controls Limited,CONTICON,BSE,Producer manufacturing
Contil India Limited,CONTILI,BSE,Distribution services
Continental Petroleums Limited,CONTPTR,BSE,Energy minerals
Control Print Limited,CONTROLPR,NSE,Electronic technology
Cool Caps Industries Limited,COOLCAPS,NSE,Producer manufacturing
Coral Laboratories Limited,CORALAB,BSE,Health technology
Coral India Finance & Housing Ltd.,CORALFINAC,NSE,Finance
Cords Cable Industries Limited,CORDSCABLE,NSE,Producer manufacturing
Coral Newsprints Limited,CORNE,BSE,Consumer non-durables
Coromandel Engineering Co. Ltd.,COROENGG,BSE,Consumer durables
Coromandel International Limited,COROMANDEL,NSE,Process industries
Cosco (India) Limited,COSCO,BSE,Consumer durables
Cosmic CRF Ltd.,COSMICCRF,BSE,Non-energy minerals
Cosmo Ferrites Limited,COSMOFE,BSE,Producer manufacturing
Cosmo First Limited,COSMOFIRST,NSE,Process industries
Cospower Engineering Ltd.,COSPOWER,BSE,Producer manufacturing
COSYN Limited,COSYN,BSE,Technology services
United Cotfab Limited,COTFAB,BSE,Process industries
Country Condo's Limited,COUNCODOS,NSE,Finance
Covance Softsol Limited,COVANCE,BSE,Technology services
Covidh Technologies Ltd.,COVIDH,BSE,Technology services
CP Capital Ltd,CPCAP,NSE,Consumer services
Career Point Edutech Limited,CPEDU,NSE,Technology services
Captain Polyplast Ltd.,CPL,BSE,Producer manufacturing
City Pulse Multiventures Ltd,CPML,BSE,Consumer services
Aditya Infotech Limited,CPPLUS,NSE,Consumer durables
C P S Shapers Ltd.,CPS,NSE,Consumer non-durables
Craftsman Automation Ltd.,CRAFTSMAN,NSE,Producer manufacturing
Crane Infrastructure Ltd,CRANEINFRA,BSE,Consumer durables
Cranes Software International Limited,CRANESSOFT,BSE,Technology services
Cranex Limited,CRANEX,BSE,Producer manufacturing
Cravatex Limited,CRAVATEX,BSE,Retail trade
Crayons Advertising Ltd.,CRAYONS,NSE,Commercial services
Creative Castings Ltd.,CREATIVE,BSE,Non-energy minerals
Creative Newtech Limited,CREATIVE,NSE,Distribution services
Creative Eye Limited,CREATIVEYE,NSE,Consumer services
CreditAccess Grameen Ltd.,CREDITACC,NSE,Finance
Crest Ventures Limited,CREST,NSE,Finance
"Crimson Metal Engineering Co., Ltd.",CRIMSON,BSE,Non-energy minerals
CRISIL Limited,CRISIL,NSE,Technology services
Crizac Limited,CRIZAC,NSE,Technology services
Croissance Limited,CROISSANCE,BSE,Industrial services
Crompton Greaves Consumer Electricals Ltd.,CROMPTON,NSE,Producer manufacturing
Cropster Agro Ltd,CROPSTER,BSE,Distribution services
Crown Lifters Ltd.,CROWN,NSE,Finance
Cressanda Railway Solutions Ltd,CRSL,BSE,Technology services
Crestchem Ltd,CRSTCHM,BSE,Health technology
Cryogenic Ogs Limited,CRYOGENIC,BSE,Industrial services
Crystal Business System Ltd,CRYSTAL,BSE,Consumer services
CSB Bank Ltd.,CSBBANK,NSE,Finance
Continental Securities Ltd,CSL,BSE,Finance
CSL Finance Limited,CSLFINANCE,NSE,Finance
Centenial Surgical Suture Ltd.,CSURGSU,BSE,Health technology
Captain Technocast Ltd.,CTCL,BSE,Producer manufacturing
Cambridge Technology Enterprises Limited,CTE,NSE,Technology services
Capital Trade Links Ltd,CTL,BSE,Finance
Clinitech Laboratory Limited,CTLLAB,BSE,Health services
City Union Bank Limited,CUB,NSE,Finance
Cubex Tubings Ltd,CUBEXTUB,NSE,Non-energy minerals
Cubical Financial Services Limited,CUBIFIN,BSE,Finance
Cash Ur Drive Marketing Limited,CUDML,NSE,Commercial services
Cummins India Limited,CUMMINSIND,NSE,Producer manufacturing
Cupid Limited,CUPID,NSE,Consumer non-durables
Cupid Breweries and Distilleries Ltd,CUPIDALBV,BSE,Finance
Cura Technologies Limited,CURAA,NSE,Technology services
Current Infraprojects Limited,CURRENT,NSE,Industrial services
CWD Limited,CWD,BSE,Technology services
Cybele Industries Limited,CYBELEIND,BSE,Producer manufacturing
Cyber Media (India) Limited,CYBERMEDIA,NSE,Consumer services
CyberTech Systems & Software Ltd.,CYBERTECH,NSE,Technology services
Cyient Limited,CYIENT,NSE,Commercial services
Cyient DLM Limited,CYIENTDLM,NSE,Electronic technology
Dabur India Limited,DABUR,NSE,Consumer non-durables
Dai-Ichi Karkaria Limited,DAICHI,BSE,Process industries
Daikaffil Chemicals India Limited,DAIKAFFI,BSE,Process industries
Dalmia Bharat Ltd.,DALBHARAT,NSE,Producer manufacturing
Dalmia Bharat Sugar & Industries Ltd.,DALMIASUG,NSE,Process industries
DAM Capital Advisors Ltd.,DAMCAPITAL,NSE,Finance
Damodar Industries Limited,DAMODARIND,NSE,Process industries
Dangee Dums Ltd.,DANGEE,NSE,Consumer non-durables
Danish Power Ltd.,DANISH,NSE,Producer manufacturing
Danlaw Technologies India Limited,DANLAW,BSE,Technology services
Danube Industries Ltd,DANUBE,BSE,Process industries
DAPS Advertising Limited,DAPS,BSE,Commercial services
Darjeeling Ropeway Co. Ltd.,DARJEELING,BSE,Industrial services
Darshan Orna Limited,DARSHANORNA,BSE,Retail trade
Datamatics Global Services Limited,DATAMATICS,NSE,Technology services
Data Patterns (India) Limited,DATAPATTNS,NSE,Electronic technology
Datiware Maritime Infra Ltd.,DATIWARE,BSE,Process industries
Daulat Securities Ltd.,DAULAT,BSE,Finance
Davangere Sugar Company Limited,DAVANGERE,NSE,Process industries
Davin Sons Retail Limited,DAVIN,BSE,Consumer non-durables
DB Corp. Ltd.,DBCORP,NSE,Consumer services
Deepak Builders & Engineers India Limited,DBEIL,NSE,Industrial services
Dilip Buildcon Ltd.,DBL,NSE,Industrial services
Dhampur Bio Organics Ltd,DBOL,NSE,Process industries
Valor Estate Ltd,DBREALTY,NSE,Finance
DB (International) Stock Brokers Limited,DBSTOCKBRO,NSE,Finance
Dishman Carbogen Amcis Ltd.,DCAL,NSE,Health technology
DCB Bank Limited,DCBBANK,NSE,Finance
Dar Credit & Capital Limited,DCCL,NSE,Finance
DCG Cables & Wires Ltd,DCG,NSE,Non-energy minerals
Dc Infotech And Communication Ltd,DCI,NSE,Electronic technology
DCM Ltd.,DCM,NSE,Technology services
DCM Financial Services Limited,DCMFINSERV,NSE,Finance
DCM Nouvelle Ltd.,DCMNVL,NSE,Process industries
DCM Shriram Limited,DCMSHRIRAM,NSE,Producer manufacturing
DCM Shriram Industries Limited,DCMSRIND,NSE,Process industries
DCW Ltd.,DCW,NSE,Process industries
DCX Systems Limited,DCXINDIA,NSE,Producer manufacturing
Ddev Plastiks Industries Limited,DDEVPLSTIK,NSE,Process industries
Deep Diamond India Ltd.,DDIL,BSE,Retail trade
Deccan Bearings Ltd.,DECANBRG,BSE,Producer manufacturing
Deccan Health Care Ltd.,DECCAN,BSE,Health technology
Deccan Cements Ltd,DECCANCE,NSE,Non-energy minerals
Deccan Transcon Leasing Limited,DECCANTRAN,NSE,Transportation
Decipher Labs Ltd.,DECIPHER,BSE,Health technology
Deccan Gold Mines Limited,DECNGOLD,BSE,Non-energy minerals
Deco-Mica Ltd,DECOMIC,BSE,Commercial services
Deccan Polypacks Limited,DECPO,BSE,Process industries
DEE Development Engineers Limited,DEEDEV,NSE,Producer manufacturing
Deem Roll-Tech Ltd.,DEEM,NSE,Non-energy minerals
Deep Polymers Ltd.,DEEP,BSE,Process industries
Deepak Chemtex Limited,DEEPAKCHEM,BSE,Process industries
Deepak Fertilisers and Petrochemicals Corporation Ltd.,DEEPAKFERT,NSE,Process industries
Deepak Nitrite Limited,DEEPAKNTR,NSE,Process industries
Deepak Spinners Ltd,DEEPAKSP,BSE,Process industries
Deep Industries Limited,DEEPINDS,NSE,Industrial services
Dhanashree Electronics Ltd.,DEL,BSE,Producer manufacturing
DelaPlex Limited,DELAPLEX,NSE,Technology services
Delhivery Limited,DELHIVERY,NSE,Transportation
Delphi World Money Limited,DELPHIFX,NSE,Commercial services
Delta Industrial Resources Ltd,DELTA,BSE,Process industries
Delta Corp. Ltd. (India),DELTACORP,NSE,Consumer services
Delta Manufacturing Limited,DELTAMAGNT,NSE,Producer manufacturing
Delta Autocorp Limited,DELTIC,NSE,Consumer durables
DEN Networks Limited,DEN,NSE,Consumer services
De Neers Tools Ltd.,DENEERS,NSE,Distribution services
Denis Chem Lab Ltd.,DENISCHEM,BSE,Health technology
De Nora India Limited,DENORA,NSE,Electronic technology
Denta Water and Infra Solutions Limited,DENTA,NSE,Industrial services
Vasa Denticity Limited,DENTALKART,NSE,Retail trade
Desco Infratech Ltd.,DESCO,BSE,Industrial services
Desh Rakshak Aushdhalaya Ltd.,DESHRAK,BSE,Health technology
Destiny Logistics & Infra Limited,DESTINY,NSE,Transportation
Devine Impex Limited,DEVINE,BSE,Distribution services
Dev Information Technology Ltd,DEVIT,NSE,Technology services
Dev Labtech Venture Ltd.,DEVLAB,BSE,Consumer durables
Dev Accelerator Limited,DEVX,NSE,Finance
Devyani International Ltd.,DEVYANI,NSE,Consumer services
Decillion Finance Ltd,DFL,BSE,Finance
Dindigul Farm Product Limited,DFPL,BSE,Consumer non-durables
Digicontent Ltd.,DGCONTENT,NSE,Commercial services
Diksha Greens Ltd.,DGL,BSE,Non-energy minerals
Dhabriya Polywood Ltd,DHABRIYA,BSE,Producer manufacturing
Dhampure Specialty Sugars Ltd.,DHAMPURE,BSE,Process industries
Dhampur Sugar Mills Limited,DHAMPURSUG,NSE,Process industries
Dhanlaxmi Bank Ltd,DHANBANK,NSE,Finance
Dhanlaxmi Cotex Ltd.,DHANCOT,BSE,Finance
Dhanlaxmi Fabrics Limited,DHANFAB,BSE,Process industries
Dhani Services Limited,DHANI,NSE,Finance
Dhanlaxmi Crop Science Ltd.,DHANLAXMI,NSE,Process industries
Dhanalaxmi Roto Spinners Limited,DHANROTO,BSE,Process industries
Dhansafal Finserve Ltd,DHANSAFAL,BSE,Commercial services
Dhanuka Agritech Limited,DHANUKA,NSE,Process industries
Dharan Infra-EPC Ltd,DHARAN,NSE,Finance
Dharani Finance Limited,DHARFIN,BSE,Finance
Dhariwalcorp Limited,DHARIWAL,NSE,Consumer non-durables
Dharmaj Crop Guard Ltd.,DHARMAJ,NSE,Process industries
Dharni Capital Services Ltd.,DHARNI,BSE,Finance
Dhatre Udyog Ltd,DHATRE,BSE,Non-energy minerals
Dhenu Buildcon Infra Limited,DHENUBUILD,BSE,Finance
D & H India Ltd,DHINDIA,BSE,Process industries
Dhoot Industrial Finance Limited,DHOOTIN,BSE,Distribution services
DHP India Limited,DHPIND,BSE,Producer manufacturing
Dhruv Consultancy Services Ltd.,DHRUV,NSE,Industrial services
Dhruva Capital Services Limited,DHRUVCA,BSE,Finance
Docmode Health Technologies Limited,DHTL,NSE,Technology services
Dhunseri Investments Limited,DHUNINV,NSE,Process industries
Dhyaani Tradeventtures Ltd,DHYAANITR,BSE,Distribution services
Diamond Power Infrastructure Limited,DIACABS,NSE,Producer manufacturing
Diamant Infrastructure Limited,DIAMANT,BSE,Industrial services
Diamines & Chemicals Ltd.,DIAMINESQ,NSE,Process industries
Prataap Snacks Ltd.,DIAMONDYD,NSE,Consumer non-durables
Diana Tea Co. Ltd.,DIANATEA,BSE,Process industries
DIC India Limited,DICIND,NSE,Process industries
Dalmia Industrial Development Ltd.,DIDL,BSE,Distribution services
Diffusion Engineers Limited,DIFFNKG,NSE,Producer manufacturing
Digidrive Distributors Limited,DIGIDRIVE,NSE,Retail trade
Digikore Studios Limited,DIGIKORE,NSE,Consumer services
DiGiSPICE Technologies Ltd.,DIGISPICE,NSE,Technology services
Digitide Solutions Ltd,DIGITIDE,NSE,Commercial services
Digjam Ltd.,DIGJAMLMTD,NSE,Process industries
Diksat Transworld Ltd.,DIKSAT,BSE,Consumer services
Debock Industries Limited,DIL,NSE,Producer manufacturing
Diligent Industries Limited,DILIGENT,BSE,Consumer non-durables
DISA India Limited,DISAQ,BSE,Producer manufacturing
Dish TV India Limited,DISHTV,NSE,Communications
Decorous Investment & Trading Co. Ltd.,DITCO,BSE,Distribution services
Divgi TorqTransfer Systems Ltd.,DIVGIITTS,NSE,Producer manufacturing
Divine Hira Jewellers Limited,DIVINEHIRA,NSE,Consumer durables
Divi's Laboratories Limited,DIVISLAB,NSE,Health technology
Divyashakti Limited,DIVSHKT,BSE,Non-energy minerals
Divyadhan Recycling Industries Ltd.,DIVYADHAN,NSE,Process industries
Dixon Technologies (India) Ltd.,DIXON,NSE,Electronic technology
DJ Mediaprint & Logistics Ltd,DJML,NSE,Commercial services
DJS Stock & Shares Ltd.,DJSSS,BSE,Finance
D.K. Enterprises Global Limited,DKEGL,NSE,Process industries
Dr. Lalchandani Labs Ltd.,DLCL,BSE,Health services
DLF Limited,DLF,NSE,Finance
D-Link (India) Ltd.,DLINKINDIA,NSE,Electronic technology
Delton Cables Limited,DLTNCBL,BSE,Producer manufacturing
Avenue Supermarts Ltd.,DMART,NSE,Retail trade
DMCC Speciality Chemicals Limited,DMCC,NSE,Process industries
DMR Hydroengineering & Infrastructures Ltd.,DMR,BSE,Industrial services
Diligent Media Corp. Ltd.,DNAMEDIA,NSE,Consumer services
Dodla Dairy Ltd.,DODLA,NSE,Consumer non-durables
Dolat Algotech Limited,DOLATALGO,NSE,Finance
Dolfin Rubbers Ltd.,DOLFIN,BSE,Consumer durables
Dollar Industries Ltd.,DOLLAR,NSE,Consumer non-durables
Dollex Agrotech Limited,DOLLEX,NSE,Process industries
Dolphin Offshore Enterprises India Ltd.,DOLPHIN,NSE,Industrial services
Dolphin Medical Services Ltd,DOLPHMED,BSE,Health services
DOMS Industries Limited,DOMS,NSE,Producer manufacturing
Donear Industries Limited,DONEAR,NSE,Process industries
D. P. Abhushan Ltd.,DPABHUSHAN,NSE,Retail trade
Divine Power Energy Ltd.,DPEL,NSE,Producer manufacturing
Dipna Pharmachem Limited,DPL,BSE,Process industries
India Power Corp. Ltd.,DPSCLTD,NSE,Utilities
DP Wires Ltd.,DPWIRES,NSE,Producer manufacturing
DRA Consultants Ltd.,DRA,BSE,Industrial services
Dr. Agarwal'S Eye Hospital Limited,DRAGARWQ,BSE,Health services
DRC Systems India Limited,DRCSYSTEMS,NSE,Technology services
Dreamfolks Services Limited,DREAMFOLKS,NSE,Transportation
Dredging Corporation of India Limited,DREDGECORP,NSE,Transportation
Dhanuka Realty Ltd.,DRL,NSE,Finance
Disha Resources Ltd,DRL,BSE,Distribution services
Droneacharya Aerial Innovations Limited,DRONACHRYA,BSE,Electronic technology
Drone Destination Ltd.,DRONE,NSE,Electronic technology
Dr. Reddy's Laboratories Ltd.,DRREDDY,NSE,Health technology
DRS Dilip Roadlines Ltd.,DRSDILIP,NSE,Transportation
Dalal Street Investments Ltd.,DSINVEST,BSE,Finance
Dynacons Systems & Solutions Ltd.,DSSL,NSE,Technology services
Dhunseri Tea & Industries Ltd,DTIL,NSE,Process industries
Diensten Tech Limited,DTL,NSE,Technology services
Ducol Organics & Colours Ltd.,DUCOL,NSE,Process industries
Ducon Infratechnologies Ltd.,DUCON,NSE,Distribution services
Dugar Housing Developments Ltd,DUGARHOU,BSE,Finance
Dudigital Global Limited.,DUGLOBAL,NSE,Commercial services
Duke Offshore Ltd,DUKEOFS,BSE,Retail trade
Duncan Engineering Limited,DUNCANENG,BSE,Producer manufacturing
Durlax Top Surface Limited,DURLAX,NSE,Producer manufacturing
Duropack Limited,DUROPACK,BSE,Process industries
Duroply Industries Limited,DUROPLY,BSE,Non-energy minerals
Dutron Polymers Limited,DUTRON,BSE,Producer manufacturing
Dhunseri Ventures Limited,DVL,NSE,Consumer non-durables
Dwarikesh Sugar Industries Ltd.,DWARKESH,NSE,Process industries
Dynamic Cables Ltd.,DYCL,NSE,Producer manufacturing
Dynamatic Technologies Limited,DYNAMATECH,NSE,Producer manufacturing
Dynamic Services & Security Limited,DYNAMIC,NSE,Commercial services
Dynamic Portfolio Management & Services Ltd,DYNAMICP,BSE,Finance
Dynamic Industries Ltd,DYNAMIND,BSE,Process industries
Dynavision Ltd.,DYNAVSN,BSE,Finance
Dynemic Products Limited,DYNPRO,NSE,Consumer non-durables
E2E Networks Ltd.,E2E,NSE,Technology services
Earthstahl & Alloys Limited,EARTH,BSE,Non-energy minerals
Easy Trip Planners Ltd.,EASEMYTRIP,NSE,Consumer services
East Buildtech Ltd.,EASTBUILD,BSE,Consumer durables
East India Drums and Barrels Manufacturing Limited,EASTINDIA,BSE,Process industries
Eastern Treads Limited,EASTRED,BSE,Consumer services
Eastern Silk Industries Limited,EASTSILK,NSE,Process industries
East West Freight Carriers Ltd,EASTWEST,BSE,Transportation
Easun Capital Markets Ltd.,EASUN,BSE,Finance
Gng Electronics Limited,EBGNG,NSE,Technology services
Eraaya Lifespaces Ltd,EBIX,BSE,Distribution services
eClerx Services Limited,ECLERX,NSE,Commercial services
Ecoboard Industries Limited,ECOBOAR,BSE,Non-energy minerals
Eco Hotels and Resorts Ltd,ECOHOTELS,BSE,Process industries
Ecoplast Limited,ECOPLAST,BSE,Process industries
Eco Recycling Limited,ECORECO,BSE,Industrial services
ECOS (India) Mobility & Hospitality Limited,ECOSMOBLTY,NSE,Finance
ECS Biztech Ltd.,ECS,BSE,Technology services
East Coast Steel Ltd,ECSTSTL,BSE,Finance
Edelweiss Financial Services Limited,EDELWEISS,NSE,Finance
Educomp Solutions Limited,EDUCOMP,NSE,Commercial services
Edvenswa Enterprises Limited,EDVENSWA,BSE,Technology services
Eppeltone Engineers Limited,EEPL,NSE,Producer manufacturing
E Factor Experiences Ltd.,EFACTOR,NSE,Commercial services
EFC (I) Ltd.,EFCIL,NSE,Distribution services
Effwa Infra & Research Ltd.,EFFWA,NSE,Industrial services
Electro Force (India) Limited,EFORCE,NSE,Producer manufacturing
Eicher Motors Limited,EICHERMOT,NSE,Consumer durables
E.I.D.-Parry (India) Limited,EIDPARRY,NSE,Process industries
Enviro Infra Engineers Limited,EIEL,NSE,Industrial services
Euro India Fresh Foods Ltd.,EIFFL,NSE,Consumer non-durables
Eighty Jewellers Ltd.,EIGHTY,BSE,Consumer durables
EIH Associated Hotels Limited,EIHAHOTELS,NSE,Consumer services
EIH Limited,EIHOTEL,NSE,Consumer services
Eiko Lifesciences Limited,EIKO,BSE,Process industries
Eimco Elecon (India) Ltd.,EIMCOELECO,NSE,Producer manufacturing
Ekam Leasing & Finance Co. Ltd.,EKAMLEA,BSE,Finance
Ekansh Concepts Limited,EKANSH,BSE,Industrial services
Everest Kanto Cylinder Limited,EKC,NSE,Producer manufacturing
Ekennis Software Service Limited,EKENNIS,BSE,Technology services
EKI Energy Services Ltd.,EKI,BSE,Utilities
E-Land Apparel Limited,ELAND,BSE,Consumer non-durables
Elango Industries Limited,ELANGO,BSE,Non-energy minerals
ELANTAS Beck India Limited,ELANTAS,BSE,Process industries
Elcid Investments Ltd.,ELCIDIN,BSE,Finance
Eldeco Housing & Industries Ltd.,ELDEHSG,NSE,Finance
Elecon Engineering Co. Ltd.,ELECON,NSE,Producer manufacturing
Electrosteel Castings Ltd.,ELECTCAST,NSE,Non-energy minerals
Electrotherm (India) Limited,ELECTHERM,NSE,Non-energy minerals
Elegant Floriculture & Agrotech (India) Limited,ELEFLOR,BSE,Distribution services
Elegant Marbles & Grani Industries Ltd.,ELEMARB,BSE,Producer manufacturing
EL Forge Ltd.,ELFORGE,BSE,Producer manufacturing
ELGI Equipments Limited,ELGIEQUIP,NSE,Producer manufacturing
Elgi Rubber Company Limited,ELGIRUBCO,NSE,Producer manufacturing
Eleganz Interiors Ltd.,ELGNZ,NSE,Industrial services
Elin Electronics Limited,ELIN,NSE,Electronic technology
Elitecon International Ltd.,ELITECON,BSE,Process industries
Elixir Capital Ltd,ELIXIR,BSE,Finance
Ellenbarrie Industrial Gases Limited,ELLEN,NSE,Process industries
Elnet Technologies Limited,ELNET,BSE,Finance
Elpro International Ltd,ELPROINTL,BSE,Electronic technology
EMA India Limited,EMAINDIA,BSE,Producer manufacturing
Emami Limited,EMAMILTD,NSE,Consumer non-durables
Emami Paper Mills Limited,EMAMIPAP,NSE,Process industries
Emami Realty Limited,EMAMIREAL,NSE,Finance
Ema Partners India Limited,EMAPARTNER,NSE,Commercial services
Embassy Developments Limited,EMBDL,NSE,Finance
Emcure Pharmaceuticals Limited,EMCURE,NSE,Health technology
Emerald Finance Limited,EMERALD,BSE,Finance
Emerald Leisures Ltd,EMERALL,BSE,Consumer services
Emergent Industrial Solutions Ltd,EMERGENT,BSE,Commercial services
Electronics Mart India Limited,EMIL,NSE,Retail trade
Emkay Global Financial Services Limited,EMKAY,NSE,Finance
Emkay Taps & Cutting Tools Ltd.,EMKAYTOOLS,NSE,Producer manufacturing
Emmbi Industries Limited,EMMBI,NSE,Process industries
Emmessar Biotech & Nutrition Ltd.,EMMESSA,BSE,Health technology
Emmforce Autotech Limited,EMMFORCE,BSE,Producer manufacturing
Energy-Mission Machineries (India) Limited,EMMIL,NSE,Producer manufacturing
Empire Industries Ltd. (India),EMPIND,BSE,Distribution services
Empower India Limited,EMPOWER,BSE,Distribution services
EMS Ltd.,EMSLIMITED,NSE,Industrial services
eMudhra Limited,EMUDHRA,NSE,Technology services
Enbee Trade & Finance Ltd.,ENBETRD,BSE,Finance
Encode Packaging India Limited,ENCODE,BSE,Commercial services
Endurance Technologies Ltd.,ENDURANCE,NSE,Producer manufacturing
Energy Development Co. Ltd.,ENERGYDEV,NSE,Utilities
Energy Infrastructure Trust,ENERGYINF,BSE,Miscellaneous
Enfuse Solutions Ltd.,ENFUSE,NSE,Technology services
Engineers India Limited,ENGINERSIN,NSE,Industrial services
Entertainment Network (India) Limited,ENIL,NSE,Consumer services
Enkei Wheels (India) Limited,ENKEIWHEL,BSE,Producer manufacturing
Siemens Energy India Limited,ENRIN,NSE,Utilities
Enser Communications Limited,ENSER,NSE,Commercial services
Entero Healthcare Solutions Limited,ENTERO,NSE,Distribution services
Enterprise International Ltd.,ENTRINT,BSE,Distribution services
Envair Electrodyne Limited,ENVAIREL,BSE,Producer manufacturing
Envirotech Systems Limited,ENVIRO,NSE,Producer manufacturing
Epack Durable Limited,EPACK,NSE,Producer manufacturing
Ep Biocomposites Limited,EPBIO,BSE,Producer manufacturing
Epic Energy Limited,EPIC,BSE,Producer manufacturing
Epigral Ltd,EPIGRAL,NSE,Process industries
EPL Limited,EPL,NSE,Process industries
Epsom Properties Limited,EPSOMPRO,BSE,Finance
EPUJA SPIRITECH LIMITED,EPUJA,BSE,Consumer services
Equilateral Enterprises Ltd,EQUILATERA,BSE,Distribution services
Equippp Social Impact Technologies Limited,EQUIPPP,NSE,Technology services
Equitas Small Finance Bank Ltd.,EQUITASBNK,NSE,Finance
Eris Lifesciences Ltd,ERIS,NSE,Health technology
ERP Soft Systems Ltd,ERPSOFT,BSE,Technology services
Esab India Limited,ESABINDIA,NSE,Producer manufacturing
ESAF Small Finance Bank Limited,ESAFSFB,NSE,Finance
Esaar (India) Ltd.,ESARIND,BSE,Finance
Esconet Technologies Limited,ESCONET,NSE,Technology services
Escorp Asset Management Ltd.,ESCORP,BSE,Finance
Escorts Kubota Limited,ESCORTS,NSE,Producer manufacturing
Essen Speciality Films Limited,ESFL,NSE,Producer manufacturing
Esha Media Research Ltd.,ESHAMEDIA,BSE,Commercial services
Espire Hospitality Limited,ESPIRE,BSE,Consumer services
Esprit Stones Ltd.,ESPRIT,NSE,Non-energy minerals
Essar Shipping Limited.,ESSARSHPNG,NSE,Transportation
Integra Essentia Limited,ESSENTIA,NSE,Consumer non-durables
Essex Marine Ltd.,ESSEX,BSE,Consumer non-durables
Ester Industries Limited,ESTER,NSE,Process industries
Eternal Limited,ETERNAL,NSE,Transportation
Ethos Ltd.,ETHOSLTD,NSE,Retail trade
Econo Trade (India) Ltd,ETIL,BSE,Finance
Emkay Tools Limited,ETL,NSE,
Emerald Tyre Manufacturers Ltd.,ETML,NSE,Consumer durables
Euphoria Infotech (India) Ltd.,EUPHORIAIT,BSE,Technology services
Eureka Forbes Limited,EUREKAFORB,NSE,Consumer durables
Eureka Industries Ltd.,EUREKAI,BSE,Process industries
Euro Panel Products Limited,EUROBOND,NSE,Non-energy minerals
Euro Leder Fashion Ltd.,EUROLED,BSE,Consumer non-durables
Eurotex Industries & Exports Ltd.,EUROTEXIND,NSE,Process industries
Evans Electric Limited,EVANS,BSE,Consumer services
Eveready Industries India Ltd,EVEREADY,NSE,Producer manufacturing
Everest Industries Limited,EVERESTIND,NSE,Distribution services
Everest Organics Ltd.,EVERESTO,BSE,Distribution services
Everlon Financials Limited,EVERFIN,BSE,Process industries
Evexia Lifecare Limited,EVEXIA,BSE,Energy minerals
Evoq Remedies Ltd.,EVOQ,BSE,Health technology
Excel Realty N Infra Ltd,EXCEL,NSE,Commercial services
Excel Industries Limited,EXCELINDUS,NSE,Process industries
Excellent Wires & Packaging Limited,EXCELLENT,NSE,Producer manufacturing
Exhicon Events Media Solutions Limited,EXHICON,BSE,Commercial services
Exicom Tele-Systems Ltd.,EXICOM,NSE,Producer manufacturing
Exide Industries Limited,EXIDEIND,NSE,Producer manufacturing
Expleo Solutions Limited,EXPLEOSOL,NSE,Technology services
Explicit Finance Limited,EXPLICITFIN,BSE,Finance
Expo Engineering And Projects Ltd,EXPOEAPL,BSE,Producer manufacturing
Exxaro Tiles Ltd.,EXXARO,NSE,Producer manufacturing
Eyantra Ventures Limited,EY,BSE,Consumer durables
Faalcon Concepts Ltd.,FAALCON,BSE,Industrial services
Fabtech Technologies Cleanrooms Limited,FABCLEAN,BSE,Producer manufacturing
Fabino Enterprises Limited,FABINO,BSE,Health technology
Facor Alloys Limited,FACORALL,BSE,Non-energy minerals
Fertilizers & Chemicals Travancore Ltd.,FACT,NSE,Process industries
Fairchem Organics Ltd,FAIRCHEMOR,NSE,Process industries
Falcon Technoprojects India Ltd.,FALCONTECH,NSE,Industrial services
Family Care Hospitals Ltd.,FAMILYCARE,BSE,Health services
Faze Three Ltd.,FAZE3Q,NSE,Process industries
Fineotex Chemical Limited,FCL,NSE,Process industries
Future Consumer Limited,FCONSUMER,NSE,Consumer non-durables
FCS Software Solutions Limited,FCSSOFT,NSE,Commercial services
FDC Ltd.,FDC,NSE,Health technology
Fedders Holding Ltd,FEDDERSHOL,BSE,Finance
Federal Bank Ltd. (India),FEDERALBNK,NSE,Finance
Fedbank Financial Services Ltd.,FEDFINA,NSE,Finance
Future Enterprises Ltd,FEL,NSE,Process industries
Felix Industries Ltd,FELIX,NSE,Industrial services
Fermenta Biotech Ltd,FERMENTA,BSE,Health technology
Fervent Synergies Limited,FERVENTSYN,BSE,Finance
Foundry Fuel Products Ltd,FFPL,BSE,Energy minerals
FGP Ltd.,FGP,BSE,Finance
Fiberweb (India) Limited,FIBERWEB,NSE,Producer manufacturing
Fidel Softech Ltd.,FIDEL,NSE,Technology services
Fiem Industries Limited,FIEMIND,NSE,Producer manufacturing
Filatex India Ltd,FILATEX,NSE,Process industries
Filatex Fashions Limited,FILATFASH,NSE,Process industries
Filmcity Media Limited,FILME,BSE,Consumer services
Filtra Consultants & Engineers Ltd.,FILTRA,BSE,Producer manufacturing
Filtron Engineers Ltd,FILTRON,BSE,Producer manufacturing
Finolex Cables Limited,FINCABLES,NSE,Producer manufacturing
Fine-Line Circuits Limited,FINELINE,BSE,Electronic technology
Fine Organic Industries Ltd.,FINEORG,NSE,Process industries
Finkurve Financial Services Ltd.,FINKURVE,BSE,Finance
FINO Payments Bank Ltd.,FINOPB,NSE,Finance
Finolex Industries Limited,FINPIPE,NSE,Producer manufacturing
Brainbees Solutions Limited,FIRSTCRY,NSE,Retail trade
First Fintec Limited,FIRSTFIN,BSE,Technology services
Fischer Medical Ventures Ltd,FISCHER,NSE,Process industries
Five-Star Business Finance Limited,FIVESTAR,NSE,Finance
Flair Writing Industries Limited,FLAIR,NSE,Producer manufacturing
Flex Foods Limited,FLEXFO,BSE,Consumer non-durables
Flexituff Ventures International Limited,FLEXITUFF,NSE,Process industries
Future Lifestyle Fashions Ltd.,FLFL,NSE,Retail trade
Flomic Global Logistics Ltd.,FLOMIC,BSE,Transportation
Flora Corp. Ltd.,FLORACORP,BSE,Distribution services
Fluidomat Limited,FLUIDOM,BSE,Producer manufacturing
Gujarat Fluorochemicals Ltd.,FLUOROCHEM,NSE,Process industries
FlySBS Aviation Limited,FLYSBS,NSE,Transportation
F Mec International Financial Services Ltd.,FMEC,BSE,Finance
Federal-Mogul Goetze (India) Limited,FMGOETZE,NSE,Producer manufacturing
Future Market Networks Limited,FMNL,NSE,Transportation
Foce India Limited,FOCE,NSE,Consumer durables
Focus Business Solution Limited,FOCUS,BSE,Commercial services
Focus Lighting and Fixtures Ltd,FOCUS,NSE,Producer manufacturing
Fone4 Communications India Limited,FONE4,BSE,Retail trade
Fonebox Retail Limited,FONEBOX,NSE,Retail trade
Foods & Inns Ltd.,FOODSIN,NSE,Consumer non-durables
Forbes & Co. Ltd.,FORBESCO,BSE,Producer manufacturing
Forcas Studio Limited,FORCAS,NSE,Consumer non-durables
Force Motors Limited,FORCEMOT,NSE,Consumer durables
Forge Auto International Ltd.,FORGEAUTO,NSE,Producer manufacturing
Fortune International Ltd,FORINTL,BSE,Transportation
Fortis Healthcare Ltd.,FORTIS,NSE,Health services
Fortis Malar Hospitals Limited,FORTISMLR,BSE,Health services
Foseco India Limited,FOSECOIND,NSE,Process industries
Franklin Leasing and Finance Ltd,FRANKLIN,BSE,Finance
Franklin Industries Ltd,FRANKLININD,BSE,Finance
Fraser & Company Limited,FRASER,BSE,Distribution services
Fratelli Vineyards Limited,FRATELLI,BSE,Distribution services
Fredun Pharmaceuticals Ltd.,FREDUN,BSE,Health technology
Freshara Agro Exports Limited,FRESHARA,NSE,Consumer non-durables
Frog Cellsat Ltd.,FROG,NSE,Electronic technology
Frontier Capital Ltd.,FRONTCAP,BSE,Finance
Frontline Corp. Ltd.,FRONTCORP,BSE,Distribution services
Frontier Springs Limited.,FRONTSP,BSE,Producer manufacturing
Fruition Venture Ltd,FRUTION,BSE,Finance
Future Supply Chain Solutions Ltd.,FSC,NSE,Transportation
Firstsource Solutions Limited,FSL,NSE,Commercial services
Finelistings Technologies Limited,FTL,BSE,Technology services
Fundviser Capital (India) Limited,FUNDVISER,BSE,Finance
Fusion Finance Ltd,FUSION,NSE,Finance
Futuristic Solutions Limited,FUTSOL,BSE,Commercial services
Futuristic Securities Limited,FUTURSEC,BSE,Finance
FYNX Capital Limited,FYNX,BSE,Finance
Gabriel India Limited,GABRIEL,NSE,Producer manufacturing
Gujarat Ambuja Exports Limited,GAEL,NSE,Consumer non-durables
Gagan Gases Limited.,GAGAN,BSE,Process industries
GAIL (India) Limited,GAIL,NSE,Utilities
Gajanand International Ltd.,GAJANAND,NSE,Process industries
Gajanan Securities Services Ltd,GAJANANSEC,BSE,Finance
Galactico Corporate Services Ltd.,GALACTICO,BSE,Finance
Galada Finance Ltd,GALADAFIN,BSE,Finance
Galaxy Agrico Exports Ltd.,GALAGEX,BSE,Producer manufacturing
Gala Precision Engineering Limited,GALAPREC,NSE,Producer manufacturing
Galaxy Surfactants Ltd.,GALAXYSURF,NSE,Consumer non-durables
Gallantt Ispat Limited,GALLANTT,NSE,Non-energy minerals
Gallops Enterprise Ltd.,GALLOPENT,BSE,Finance
Galaxy Bearings Ltd,GALXBRG,BSE,Producer manufacturing
Gamco Ltd,GAMCO,BSE,Finance
Gandhar Oil Refinery (India) Limited,GANDHAR,NSE,Process industries
Gandhi Special Tubes Limited,GANDHITUBE,NSE,Non-energy minerals
Ganesha Ecosphere Limited,GANECOS,NSE,Process industries
Ganesh Benzoplast Limited,GANESHBE,NSE,Process industries
Ganesh Housing Limited,GANESHHOU,NSE,Consumer durables
Ganesh Infraworld Ltd.,GANESHIN,NSE,Industrial services
Ganga Bath Fittings Limited,GANGABATH,NSE,Producer manufacturing
Ganga Forging Ltd.,GANGAFORGE,NSE,Producer manufacturing
Ganga Papers India Ltd,GANGAPA,BSE,Process industries
Ganges Securities Ltd.,GANGESSECU,NSE,Finance
Gangotri Textiles Limited,GANGOTRI,NSE,Process industries
Ganesh Holding Ltd,GANHOLD,BSE,Finance
Ganon Products Ltd.,GANONPRO,BSE,Distribution services
Ganesha Ecoverse Limited,GANVERSE,BSE,Finance
Garbi Finvest Ltd.,GARBIFIN,BSE,Finance
Garware Technical Fibres Limited,GARFIBRES,NSE,Producer manufacturing
Garg Furnace Limited,GARGFUR,BSE,Non-energy minerals
PNGS Gargi Fashion Jewellery Ltd.,GARGI,BSE,Retail trade
Garment Mantra Lifestyle Ltd. TEMP,GARMENTPP,BSE,Consumer non-durables
Garnet Construction Ltd,GARNET,BSE,Finance
Garnet International Limited,GARNETINT,BSE,Process industries
Garodia Chemicals Ltd.,GARODCH,BSE,Process industries
Garuda Construction and Engineering Limited,GARUDA,NSE,Industrial services
Garware Marine Industries Limited,GARWAMAR,BSE,Producer manufacturing
Garware Synthetics Ltd.,GARWSYN,BSE,Process industries
GACM Technologies Limited,GATECH,NSE,Finance
Gateway Distriparks Limited,GATEWAY,NSE,Transportation
Gayatri Highways Ltd.,GAYAHWS,NSE,Industrial services
Gayatri Projects Limited,GAYAPROJ,NSE,Industrial services
Gayatri Sugars Limited,GAYATRI,BSE,Process industries
Gayatri Bioorganics Limited,GAYATRIBI,BSE,Consumer non-durables
Goenka Business & Finance Ltd.,GBFL,BSE,Finance
GB Logistics Commerce Limited,GBLOGISTIC,BSE,Transportation
Grand Continent Hotels Ltd.,GCHOTELS,NSE,Consumer services
Galaxy Cloud Kitchens Limited,GCKL,BSE,Consumer services
GCM Capital Advisors Ltd,GCMCAPI,BSE,Finance
GCM Commodity & Derivatives Ltd.,GCMCOMM,BSE,Finance
GCM Securities Ltd.,GCMSECU,BSE,Finance
Gconnect Logitech and Supply Chain Limited,GCONNECT,BSE,Transportation
Gretex Corporate Services Ltd,GCSL,NSE,Finance
GDL Leasing & Finance Ltd.,GDLLEAS,BSE,Finance
GEE Limited,GEE,BSE,Producer manufacturing
GeeCee Ventures Limited,GEECEE,NSE,Finance
Geekay Wires Ltd.,GEEKAYWIRE,NSE,Non-energy minerals
Geetanjali Credit & Capital Ltd.,GEETANJ,BSE,Government
Gautam Exim Ltd.,GEL,BSE,Distribution services
Gem Aromatics Limited,GEMAROMA,NSE,Process industries
GEM Enviro Management Limited,GEMENVIRO,BSE,Transportation
Gemstone Investments Limited,GEMSI,BSE,Finance
Gem Spinners India Limited,GEMSPIN,BSE,Process industries
Generic Engineering Construction & Projects Ltd.,GENCON,NSE,Industrial services
Genesis IBRC India Limited,GENESIS,BSE,Producer manufacturing
Genesys International Corporation Limited,GENESYS,NSE,Technology services
Gennex Laboratories Limited,GENNEX,BSE,Health technology
Genpharmasec Limited,GENPHARMA,BSE,Process industries
Gensol Engineering Limited,GENSOL,NSE,Industrial services
Genus Paper & Boards Ltd,GENUSPAPER,NSE,Process industries
Genus Power Infrastructures Limited,GENUSPOWER,NSE,Electronic technology
Genus Prime Infra Ltd.,GENUSPRIME,BSE,Industrial services
Geojit Financial Services Ltd,GEOJITFSL,NSE,Finance
Great Eastern Shipping Co. Ltd.,GESHIP,NSE,Transportation
Getalong Enterprise Ltd.,GETALONG,BSE,Retail trade
GFL Ltd,GFLLIMITED,NSE,Consumer services
Grand Foundry Ltd.,GFSTEELS,NSE,Non-energy minerals
G.G. Automotive Gears Ltd.,GGAUTO,BSE,Producer manufacturing
Ganesh Green Bharat Limited,GGBL,NSE,Electronic technology
G. G. Dandekar Properties Limited,GGDPROP,BSE,Producer manufacturing
G G Engineering Ltd.,GGENG,BSE,Producer manufacturing
Gautam Gems Ltd.,GGL,BSE,Consumer durables
Gala Global Products Ltd,GGPL,BSE,Commercial services
GHCL Limited,GHCL,NSE,Process industries
Ghcl Textiles Ltd.,GHCLTEXTIL,NSE,Process industries
GHV Infra Projects Ltd.,GHVINFRA,BSE,Technology services
Gian Life Care Ltd.,GIANLIFE,BSE,Health services
GIC Housing Finance Limited,GICHSGFIN,NSE,Finance
Globe International Carriers Ltd.,GICL,NSE,Transportation
General Insurance Corporation of India,GICRE,NSE,Finance
Gilada Finance & Investments Ltd,GILADAFINS,BSE,Finance
Gillanders Arbuthnot & Co. Ltd.,GILLANDERS,NSE,Consumer non-durables
Gillette India Limited,GILLETTE,NSE,Consumer non-durables
Gini Silk Mills Limited,GINISILK,BSE,Process industries
Ginni Filaments Limited.,GINNIFILA,NSE,Process industries
Gujarat Industries Power Co. Ltd.,GIPCL,NSE,Utilities
Giriraj Civil Developers Ltd.,GIRIRAJ,NSE,Industrial services
Gita Renewable Energy Ltd,GITARENEW,BSE,Utilities
Gkb Ophthalmics Limited,GKB,BSE,Health technology
G. K. Consultants Limited,GKCONS,BSE,Finance
G.K.P. Printing & Packaging Limited,GKP,BSE,Process industries
GKW Ltd.,GKWLIMITED,NSE,Transportation
Glance Finance Limited,GLANCE,BSE,Finance
Gland Pharma Ltd.,GLAND,NSE,Health technology
GlaxoSmithKline Pharmaceuticals Limited,GLAXO,NSE,Health technology
Globe Commercials Ltd.,GLCL,BSE,Commercial services
Glen Industries Limited,GLEN,BSE,Process industries
Glenmark Pharmaceuticals Limited,GLENMARK,NSE,Health technology
Gujarat Lease Financing Limited,GLFL,NSE,Finance
Global Longlife Hospital and Research Limited,GLHRL,BSE,Health services
Glittek Granites Limited,GLITTEKG,BSE,Non-energy minerals
Global Education Ltd.,GLOBAL,NSE,Commercial services
Global Capital Markets Ltd.,GLOBALCA,BSE,Finance
Globale Tessile Ltd,GLOBALE,NSE,Process industries
Global Pet Industries Limited,GLOBALPET,NSE,Producer manufacturing
Global Vectra Helicorp Limited,GLOBALVECT,NSE,Industrial services
Globe Textiles (India) Limited,GLOBE,NSE,Process industries
Globe Civil Projects Ltd.,GLOBECIVIL,NSE,Industrial services
Global Offshore Services Limited,GLOBOFFS,BSE,Industrial services
Globtier Infotech Limited,GLOBTIER,BSE,Technology services
Globus Power Generation Ltd.,GLOBUSCON,BSE,Finance
Globus Spirits Limited,GLOBUSSPR,NSE,Consumer non-durables
Gloster Ltd.,GLOSTERLTD,NSE,Process industries
G.M. Breweries Ltd.,GMBREW,NSE,Consumer non-durables
Gujarat Mineral Development Corporation Limited,GMDCLTD,NSE,Distribution services
Galaxy Medicare Limited,GML,NSE,Health technology
GMM Pfaudler Limited,GMMPFAUDLR,NSE,Producer manufacturing
G M Polyplast Ltd,GMPL,BSE,Process industries
GMR Airports Ltd,GMRAIRPORT,NSE,Transportation
GMR Power and Urban Infra Ltd,GMRP&UI,NSE,Industrial services
GNA Axles Ltd,GNA,NSE,Producer manufacturing
Gujarat Narmada Valley Fertilizers & Chemicals Ltd.,GNFC,NSE,Process industries
Gujarat Natural Resources Limited,GNRL,BSE,Energy minerals
Goa Carbon Limited,GOACARBON,NSE,Process industries
Goblin India Ltd.,GOBLIN,BSE,Consumer durables
GOCL Corporation Limited,GOCLCORP,NSE,Process industries
Go Fashion (India) Limited,GOCOLORS,NSE,Consumer non-durables
Godavari Drugs Limited,GODAVARI,BSE,Health technology
Godavari Biorefineries Limited,GODAVARIB,NSE,Process industries
Godfrey Phillips India Ltd.,GODFRYPHLP,NSE,Consumer non-durables
Godha Cabcon & Insulation Limited,GODHA,NSE,Producer manufacturing
Go Digit General Insurance Limited,GODIGIT,NSE,Finance
Godrej Agrovet Limited,GODREJAGRO,NSE,Process industries
Godrej Consumer Products Limited,GODREJCP,NSE,Consumer non-durables
Godrej Industries Limited,GODREJIND,NSE,Process industries
Godrej Properties Limited,GODREJPROP,NSE,Finance
Goel Food Products Ltd.,GOEL,BSE,Retail trade
Goel Construction Co. Ltd.,GOELCONS,BSE,Industrial services
Goenka Diamond & Jewels Ltd.,GOENKA,NSE,Consumer durables
Gogia Capital Growth Ltd,GOGIACAPGL,BSE,Finance
Gokak Textiles Limited,GOKAKTEX,BSE,Process industries
Gokaldas Exports Limited,GOKEX,NSE,Consumer non-durables
Gokul Refoils & Solvent Ltd.,GOKUL,NSE,Process industries
Gokul Agro Resources Ltd.,GOKULAGRO,NSE,Process industries
Golden Carpets Ltd.,GOLCA,BSE,Consumer durables
Gold Coin Health Foods Ltd,GOLDCOINHF,BSE,Process industries
Golden Crest Education & Services Ltd.,GOLDENCREST,BSE,Commercial services
Golden Tobacco Limited,GOLDENTOBC,NSE,Finance
Goldiam International Limited,GOLDIAM,NSE,Consumer durables
Goldkart Jewels Ltd,GOLDKART,NSE,Retail trade
Golden Legand Leasing & Finance Ltd,GOLDLEG,BSE,Finance
Goldstar Power Ltd.,GOLDSTAR,NSE,Producer manufacturing
AION-TECH Solutions Limited,GOLDTECH,NSE,Technology services
Golechha Global Finance Limited,GOLECHA,BSE,Finance
Golkonda Aluminium Extrusions Limited,GOLKONDA,BSE,Producer manufacturing
Golkunda Diamonds & Jewellery Ltd.,GOLKUNDIA,BSE,Consumer durables
Goodluck India Ltd.,GOODLUCK,NSE,Non-energy minerals
Goodricke Group Ltd,GOODRICKE,BSE,Process industries
Goodyear India Limited,GOODYEAR,BSE,Consumer durables
Gopal Iron & Steels Co. Gujarat Ltd.,GOPAIST,BSE,Non-energy minerals
Gopal Snacks Limited,GOPAL,NSE,Consumer non-durables
Gorani Industries Ltd.,GORANIN,BSE,Consumer durables
Gothi Plascon (India) Limited,GOTHIPL,BSE,Process industries
Gourmet Gateway India Limited,GOURMET,BSE,Finance
Gowra Leasing & Finance Ltd.,GOWRALE,BSE,Finance
Goyal Aluminiums Limited,GOYALALUM,NSE,Distribution services
Goyal Associates Limited,GOYALASS,BSE,Finance
Goyal Salt Limited,GOYALSALT,NSE,Consumer non-durables
GP Eco Solutions India Limited,GPECO,NSE,Distribution services
Godawari Power & Ispat Ltd.,GPIL,NSE,Non-energy minerals
Gujarat Pipavav Port Limited,GPPL,NSE,Transportation
Gabriel Pet Straps Ltd.,GPSL,BSE,Consumer non-durables
GPT Healthcare Limited,GPTHEALTH,NSE,Health services
GPT Infraprojects Limited,GPTINFRA,NSE,Industrial services
Grandma Trading & Agencies Ltd.,GRANDMA,BSE,Process industries
Granules India Limited,GRANULES,NSE,Health technology
Graphisads Limited,GRAPHISAD,NSE,Commercial services
Graphite India Limited,GRAPHITE,NSE,Process industries
Grasim Industries Ltd.,GRASIM,NSE,Non-energy minerals
Gratex Industries Limited,GRATEXI,BSE,Process industries
Grauer & Weil India Ltd.,GRAUWEIL,BSE,Process industries
Graviss Hospitality Limited,GRAVISSHO,BSE,Consumer services
Gravita India Limited,GRAVITA,NSE,Non-energy minerals
Gravity (India) Limited,GRAVITY,BSE,Process industries
Gayatri Rubbers & Chemicals Ltd.,GRCL,NSE,Producer manufacturing
Greaves Cotton Limited,GREAVESCOT,NSE,Producer manufacturing
Greenchef Appliances Limited,GREENCHEF,NSE,Consumer durables
Greencrest Financial Services Ltd.,GREENCREST,BSE,Finance
Greenlam Industries Ltd,GREENLAM,NSE,Non-energy minerals
Greenpanel Industries Ltd,GREENPANEL,NSE,Non-energy minerals
Greenply Industries Ltd,GREENPLY,NSE,Producer manufacturing
Orient Green Power Company Ltd,GREENPOWER,NSE,Utilities
Gretex Industries Ltd.,GRETEX,NSE,Consumer non-durables
Grindwell Norton Limited,GRINDWELL,NSE,Process industries
G R Infraprojects Ltd.,GRINFRA,NSE,Industrial services
GRM Overseas Ltd.,GRMOVER,NSE,Process industries
Groarc Industries India Ltd,GROARC,BSE,Technology services
Grob Tea Co. Ltd.,GROBTEA,NSE,Consumer non-durables
Grovy India Ltd.,GROVY,BSE,Finance
Growington Ventures India Limited,GROWINGTON,BSE,Consumer services
GRP Ltd,GRPLTD,NSE,Producer manufacturing
Garden Reach Shipbuilders & Engineers Ltd.,GRSE,NSE,Producer manufacturing
Garware Hi-Tech Films Limited,GRWRHITECH,NSE,Process industries
G.S. Auto International Ltd.,GSAUTO,BSE,Producer manufacturing
GSB Finance Limited,GSBFIN,BSE,Finance
Gujarat State Fertilizers & Chemicals Limited,GSFC,NSE,Process industries
GSL Securities Ltd,GSLSEC,BSE,Finance
Global Surfaces Limited,GSLSU,NSE,Non-energy minerals
GSM Foils Ltd,GSMFOILS,NSE,Non-energy minerals
Gujarat State Petronet Limited,GSPL,NSE,Utilities
GSS Infotech Limited,GSS,NSE,Technology services
Globalspace Technologies Ltd.,GSTL,BSE,Technology services
Globesecure Technologies Ltd.,GSTL,NSE,Distribution services
G-Tech Jainx Education Ltd.,GTECJAINX,NSE,Commercial services
G-Tech Info-Training Limited,GTEIT,BSE,Technology services
GTL Limited,GTL,NSE,Technology services
GTL Infrastructure Ltd,GTLINFRA,NSE,Industrial services
GTN Industries Limited,GTNINDS,BSE,Process industries
GTN Textiles Limited,GTNTEX,BSE,Process industries
GTPL Hathway Ltd,GTPL,NSE,Communications
GTT Data Solutions Ltd,GTTDATA,BSE,Consumer services
GTV Engineering Ltd.,GTV,BSE,Industrial services
Gufic Biosciences Limited,GUFICBIO,NSE,Health technology
Gujarat Alkalies & Chemicals Ltd.,GUJALKALI,NSE,Process industries
Gujarat Apollo Industries Limited,GUJAPOLLO,NSE,Producer manufacturing
Gujarat Poly Electronics Ltd,GUJARATPOLY,BSE,Electronic technology
Gujarat Containers Ltd.,GUJCONT,BSE,Process industries
Gujarat Cotex Limited,GUJCOTEX,BSE,Process industries
Gujarat Craft Industries Limited,GUJCRAFT,BSE,Process industries
Gujarat Credit Corp. Ltd.,GUJCRED,BSE,Finance
Gujarat Gas Ltd.,GUJGASLTD,NSE,Utilities
Gujarat Hotels Limited,GUJHOTE,BSE,Consumer services
Gujarat Hy Spin Ltd.,GUJHYSPIN,BSE,Process industries
Gujarat Inject (Kerala) Ltd,GUJINJEC,BSE,Distribution services
Gujarat Intrux Limited,GUJINTRX,BSE,Non-energy minerals
Ashtasidhhi Industries Ltd,GUJINV,BSE,Finance
Gujarat Petrosynthese Ltd.,GUJPETR,BSE,Process industries
Gujarat Raffia Industries Limited,GUJRAFFIA,NSE,Producer manufacturing
Gujarat State Financial Corp.,GUJSTATFIN,BSE,Finance
Gujarat Terce Laboratories Limited,GUJTERC,BSE,Health technology
Gujarat Themis Biosyn Ltd,GUJTHEM,NSE,Health technology
Gujarat Toolroom Limited,GUJTLRM,BSE,Consumer durables
Gujarat Winding Systems Ltd,GUJWIND,BSE,Process industries
Gulf Oil Lubricants India Ltd,GULFOILLUB,NSE,Energy minerals
GP Petroleums Limited,GULFPETRO,NSE,Energy minerals
Gulshan Polyols Limited,GULPOLY,NSE,Consumer non-durables
Genomic Valley Biotech Ltd,GVBL,BSE,Health technology
GV Films Ltd.,GVFILM,BSE,Consumer services
GVK Power & Infrastructure Limited,GVKPIL,NSE,Industrial services
Greenhitech Ventures Ltd.,GVL,BSE,Distribution services
GE Power India Ltd.,GVPIL,NSE,Industrial services
GVP Infotech Ltd,GVPTECH,NSE,Commercial services
GE Vernova T&D India Limited,GVT&D,NSE,Producer manufacturing
Gyan Developers & Builders Ltd.,GYANDEV,BSE,Finance
Hindustan Aeronautics Limited,HAL,NSE,Electronic technology
Halder Venture Ltd.,HALDER,BSE,Distribution services
Haldyn Glass Limited,HALDYNGL,BSE,Process industries
Hamps Bio Ltd.,HAMPS,BSE,Health technology
Hampton Sky Realty Limited,HAMPTON,BSE,Finance
Shree Hanuman Sugar & Industries Ltd.,HANSUGAR,BSE,Process industries
Happiest Minds Technologies Ltd.,HAPPSTMNDS,NSE,Technology services
Happy Forging Limited,HAPPYFORGE,NSE,Producer manufacturing
Haryana Financial Corp. Ltd.,HARAFIN,BSE,Finance
Harig Crankshafts Ltd.,HARCR,BSE,Producer manufacturing
Hardcastle & Waud Manufacturing Co. Ltd.,HARDCAS,BSE,Process industries
Hardwyn India Ltd.,HARDWYN,NSE,Distribution services
Haria Apparels Ltd,HARIAAPL,BSE,Process industries
Haria Exports Limited,HARIAEXPO,BSE,Retail trade
Hariom Pipe Industries Ltd.,HARIOMPIPE,NSE,Non-energy minerals
Harish Textile Engineers Ltd,HARISH,BSE,Producer manufacturing
Haryana Leather Chemicals Limited,HARLETH,BSE,Process industries
Harrisons Malayalam Ltd,HARRMALAYA,NSE,Process industries
Harsha Engineers International Ltd.,HARSHA,NSE,Producer manufacturing
Harshdeep Hortico Ltd.,HARSHDEEP,BSE,Consumer durables
Harshil Agrotech Limited,HARSHILAGR,BSE,Producer manufacturing
Haryana Capfin Limited.,HARYNACAP,BSE,Finance
Hasti Finance Limited,HASTIFIN,BSE,Finance
Hathway Cable & Datacom Ltd.,HATHWAY,NSE,Consumer services
Hathway Bhawani Cabletel & Datacom Ltd.,HATHWAYB,BSE,Communications
Hatsun Agro Product Limited,HATSUN,NSE,Consumer non-durables
Havells India Limited,HAVELLS,NSE,Producer manufacturing
Sri Havisha Hospitality And Infrastructure Ltd,HAVISHA,NSE,Distribution services
Hawa Engineers Ltd,HAWAENG,BSE,Producer manufacturing
Hawkins Cookers Limited,HAWKINCOOK,BSE,Producer manufacturing
Hazoor Multi Projects Limited,HAZOOR,BSE,Finance
Humming Bird Education Ltd.,HBEL,BSE,Commercial services
HB Estate Developers Limited,HBESD,BSE,Consumer services
HB Leasing & Finance Co. Ltd.,HBLEAS,BSE,Finance
HBL Engineering Limited,HBLENGINE,NSE,Producer manufacturing
HB Portfolio Limited,HBPOR,BSE,Finance
HB Stockholdings Ltd.,HBSL,NSE,Finance
Hindustan Construction Co. Ltd.,HCC,NSE,Industrial services
HealthCare Global Enterprises Ltd.,HCG,NSE,Health services
HCKK Ventures Ltd,HCKKVENTURE,BSE,Technology services
HCL Technologies Limited,HCLTECH,NSE,Technology services
HCL Infosystems Limited,HCL_INSYS,NSE,Technology services
HDB Financial Services Limited,HDBFS,NSE,Finance
HDFC Asset Management Co. Ltd.,HDFCAMC,NSE,Finance
HDFC Bank Limited,HDFCBANK,NSE,Finance
HDFC Life Insurance Co. Ltd.,HDFCLIFE,NSE,Finance
Housing Development & Infrastructure Ltd.,HDIL,NSE,Finance
Heads UP Ventures Limited,HEADSUP,NSE,Retail trade
Healthy Life Agritec Ltd.,HEALTHYLIFE,BSE,Consumer non-durables
HEC Infra Projects Ltd.,HECPROJECT,NSE,Industrial services
Heera Ispat Ltd.,HEERAISP,BSE,Non-energy minerals
HEG Limited,HEG,NSE,Electronic technology
Heidelbergcement India Limited.,HEIDELBERG,NSE,Non-energy minerals
Helpage Finlease Ltd.,HELPAGE,BSE,Finance
Hemadri Cements Ltd,HEMACEM,BSE,Non-energy minerals
Hemang Resources Limited,HEMANG,BSE,Finance
Hemisphere Properties India Ltd.,HEMIPROP,NSE,Finance
Hemo Organic Limited,HEMORGANIC,BSE,Process industries
Heranba Industries Limited,HERANBA,NSE,Process industries
Hercules Hoists Limited,HERCULES,NSE,Producer manufacturing
Heritage Foods Limited,HERITGFOOD,NSE,Consumer non-durables
Hero Motocorp Limited,HEROMOTOCO,NSE,Consumer durables
Hester Biosciences Limited,HESTERBIO,NSE,Health technology
Heubach Colorants India Limited,HEUBACHIND,NSE,Process industries
Hexa Tradex Limited,HEXATRADEX,NSE,Distribution services
Hexaware Technologies Limited,HEXT,NSE,Technology services
HFCL Limited,HFCL,NSE,Electronic technology
Himalaya Food International Limited,HFIL,BSE,Consumer non-durables
H.G. Infra Engineering Ltd.,HGINFRA,NSE,Industrial services
HandsOn Global Management (HGM) Ltd,HGM,NSE,Technology services
Hinduja Global Solutions Limited,HGS,NSE,Commercial services
High Energy Batteries Ltd.,HIGHENE,BSE,Producer manufacturing
High Street Filatex Limited,HIGHSTREE,BSE,Consumer non-durables
HI-Green Carbon Limited,HIGREEN,NSE,Industrial services
Hikal Limited,HIKAL,NSE,Health technology
Hi-Klass Trading & Investment Ltd.,HIKLASS,BSE,Finance
Hiliks Technologies Ltd,HILIKS,BSE,Commercial services
Highway Infrastructure Limited,HILINFRA,NSE,Transportation
Hilltone software & Gases Limited,HILLTONE,BSE,Process industries
Hilton Metal Forging Limited,HILTON,NSE,Producer manufacturing
Himatsingka Seide Limited.,HIMATSEIDE,NSE,Process industries
Him Teknoforge Ltd.,HIMTEK,BSE,Producer manufacturing
Hindustan Adhesives Limited,HINDADH,BSE,Process industries
Hindalco Industries Limited,HINDALCO,NSE,Non-energy minerals
Hind Aluminium Industries Limited,HINDALUMI,BSE,Non-energy minerals
Hindustan Appliances Ltd,HINDAPL,BSE,Process industries
Hindustan Bio Sciences Limited,HINDBIO,BSE,Health technology
Hindustan Composites Limited,HINDCOMPOS,NSE,Producer manufacturing
Hindcon Chemicals Ltd.,HINDCON,NSE,Non-energy minerals
Hindustan Copper Ltd,HINDCOPPER,NSE,Non-energy minerals
Hindustan Hardy Limited,HINDHARD,BSE,Electronic technology
Hindoostan Mills Limited,HINDMILL,BSE,Process industries
Hindustan Motors Ltd,HINDMOTORS,NSE,Consumer durables
"Hindustan Oil Exploration Co., Ltd.",HINDOILEXP,NSE,Energy minerals
Hindustan Petroleum Corporation Limited,HINDPETRO,NSE,Energy minerals
Hindustan Tin Works Limited,HINDTIN,BSE,Process industries
Hindustan Unilever Limited,HINDUNILVR,NSE,Consumer non-durables
Hindustan Agrigenetics Ltd,HINDUST,BSE,Process industries
Hindware Home Innovation Limited,HINDWAREAP,NSE,Producer manufacturing
Hindustan Zinc Limited,HINDZINC,NSE,Non-energy minerals
Hindustan Fluorocarbons Ltd.,HINFLUR,BSE,Process industries
Hipolin Ltd,HIPOLIN,BSE,Consumer non-durables
Hira Automobiles Ltd.,HIRAUTO,BSE,Retail trade
Hind Rectifiers Limited,HIRECT,NSE,Producer manufacturing
Hisar Metal Industries Limited,HISARMETAL,NSE,Non-energy minerals
Hisar Spinning Mills Ltd.,HISARSP,BSE,Process industries
Hi-Tech Pipes Ltd.,HITECH,NSE,Non-energy minerals
Hitech Corporation Ltd,HITECHCORP,NSE,Producer manufacturing
Hi-Tech Gears Limited,HITECHGEAR,NSE,Producer manufacturing
Hit Kit Global Solutions Limited,HITKITGLO,BSE,Retail trade
Hittco Tools Limited,HITTCO,BSE,Producer manufacturing
HLE Glascoat Ltd,HLEGLAS,NSE,Producer manufacturing
HLV Limited,HLVLTD,NSE,Consumer services
HMA Agro Industries Limited,HMAAGRO,NSE,Distribution services
H.M. Electro Mech Limited,HMEML,BSE,Distribution services
HMT Ltd.,HMT,NSE,Producer manufacturing
Hindustan Media Ventures Limited,HMVL,NSE,Consumer services
Hindustan Foods Ltd.,HNDFDS,NSE,Consumer non-durables
HOAC Foods India Limited,HOACFOODS,NSE,Process industries
Hindustan Organic Chemicals Limited,HOCL,BSE,Process industries
Holmarc Opto-Mechatronics Ltd.,HOLMARC,NSE,Electronic technology
Home First Finance Company India Ltd.,HOMEFIRST,NSE,Finance
Homesfy Realty Ltd.,HOMESFY,NSE,Technology services
Honasa Consumer Limited,HONASA,NSE,Retail trade
Honeywell Automation India Limited,HONAUT,NSE,Electronic technology
Honda India Power Products Limited,HONDAPOWER,NSE,Producer manufacturing
H.S. India Ltd.,HOTLSILV,BSE,Consumer services
Howard Hotels Limited,HOWARHO,BSE,Consumer services
HP Adhesives Ltd.,HPAL,NSE,Non-energy minerals
HCP Plastene Bulkpack Limited,HPBL,BSE,Process industries
H P Cotton Textile Mills Limited,HPCOTTON,BSE,Process industries
Hindprakash Industries Ltd.,HPIL,NSE,Process industries
HPL Electric & Power Limited,HPL,NSE,Electronic technology
HP Telecom India Limited,HPTL,NSE,Distribution services
HRH Next Services Limited,HRHNEXT,NSE,Commercial services
Harmony Capital Services Ltd.,HRMNYCP,BSE,Finance
Hariyana Ship Breakers Ltd.,HRYNSHP,BSE,Distribution services
Himadri Speciality Chemical Ltd.,HSCL,NSE,Process industries
HT Media Limited,HTMEDIA,NSE,Consumer services
Hubtown Limited,HUBTOWN,NSE,Finance
Housing & Urban Development Corp. Ltd.,HUDCO,NSE,Finance
Huhtamaki India Limited,HUHTAMAKI,NSE,Process industries
Hindusthan Urban Infrastructure Ltd.,HUIL,BSE,Producer manufacturing
HVAX Technologies Ltd.,HVAX,NSE,Producer manufacturing
Hybrid Financial Services Ltd.,HYBRIDFIN,NSE,Finance
Hypersoft Technologies Ltd.,HYPERSOFT,BSE,Commercial services
Hyundai Motor India Limited,HYUNDAI,NSE,Consumer durables
IB Infotech Enterprises Limited,IBINFO,BSE,Consumer non-durables
IBL Finance Ltd.,IBLFL,NSE,Finance
ICDS Ltd.,ICDSLTD,NSE,Finance
Ice Make Refrigeration Ltd.,ICEMAKE,NSE,Producer manufacturing
ICICI Bank Limited,ICICIBANK,NSE,Finance
ICICI Lombard General Insurance Co. Ltd.,ICICIGI,NSE,Finance
ICICI Prudential Life Insurance Co. Ltd.,ICICIPRULI,NSE,Finance
Indo Count Industries Limited,ICIL,NSE,Process industries
Indo Cotspin Ltd,ICL,BSE,Process industries
Icodex Publishing Solutions Limited,ICODEX,BSE,Technology services
Icon Facilitators Limited,ICON,BSE,Commercial services
Iconik Sports and Events Ltd,ICONIKSPEV,BSE,Commercial services
ICRA Limited,ICRA,NSE,Commercial services
Integrated Capital Services Ltd,ICSL,BSE,Commercial services
IDBI Bank Limited,IDBI,NSE,Finance
Vodafone Idea Ltd,IDEA,NSE,Communications
Ideaforge Technology Limited,IDEAFORGE,NSE,Electronic technology
Ideal Technoplast Industries Limited,IDEALTECHO,NSE,Process industries
Identical Brains Studios Limited,IDENTICAL,NSE,Consumer services
Identixweb Limited,IDENTIXWEB,BSE,Technology services
IDFC First Bank Ltd.,IDFCFIRSTB,NSE,Finance
International Data Management Ltd.,IDM,BSE,Electronic technology
IEC Education Limited,IECEDU,BSE,Commercial services
Indiabulls Enterprises Limited,IEL,NSE,Finance
Indian Emulsifiers Ltd.,IEML,NSE,Process industries
Indian Energy Exchange Ltd.,IEX,NSE,Finance
IFB Agro Industries Ltd.,IFBAGRO,NSE,Consumer non-durables
IFB Industries Ltd,IFBIND,NSE,Consumer durables
IFCI Limited,IFCI,NSE,Finance
IFGL Refractories Ltd.,IFGLEXPOR,NSE,Producer manufacturing
India Finsec Ltd.,IFINSEC,BSE,Finance
Interactive Financial Services Ltd.,IFINSER,BSE,Finance
IFL Enterprises Limited,IFL,BSE,Distribution services
Igarashi Motors India Limited,IGARASHI,NSE,Producer manufacturing
IGC Industries Limited,IGCIL,BSE,Distribution services
Indogulf Cropsciences Limited,IGCL,NSE,Process industries
International Gemmological Institute (India) Limited,IGIL,NSE,Commercial services
Indraprastha Gas Limited,IGL,NSE,Utilities
Indo Gulf Industries Ltd.,IGLFXPL_B,BSE,Process industries
IG Petrochemicals Ltd.,IGPL,NSE,Process industries
IIFL Finance Limited,IIFL,NSE,Finance
IIFL Capital Services Ltd,IIFLCAPS,NSE,Finance
Integrated Industries Ltd,IIL,BSE,Electronic technology
IIRM Holdings India Limited,IIRM,BSE,Producer manufacturing
Ishaan Infrastructures & Shelters Ltd.,IISL,BSE,Industrial services
Industrial Investment Trust Limited,IITL,NSE,Finance
IITL Projects Limited,IITLPROJ,BSE,Finance
Inventurus Knowledge Solutions Limited,IKS,NSE,Commercial services
IL&FS Engineering & Construction Co. Ltd.,IL&FSENGG,NSE,Industrial services
IL&FS Transportation Networks Limited,IL&FSTRANS,NSE,Industrial services
Imagicaaworld Entertainment Ltd.,IMAGICAA,NSE,Consumer services
IMEC Services Ltd,IMEC,BSE,Non-energy minerals
Indian Metals & Ferro Alloys Ltd.,IMFA,NSE,Non-energy minerals
India Motor Parts & Accessories Limited,IMPAL,NSE,Distribution services
Impex Ferro Tech Ltd,IMPEXFERRO,NSE,Non-energy minerals
Insolation Energy Ltd.,INA,BSE,Electronic technology
Inani Marbles & Industries Ltd.,INANI,BSE,Non-energy minerals
Inani Securities Limited,INANISEC,BSE,Finance
INCAP Limited,INCAP,BSE,Electronic technology
Incon Engineers Ltd,INCON,BSE,Producer manufacturing
Incredible Industries Limited,INCREDIBLE,NSE,Non-energy minerals
Indag Rubber Limited,INDAG,BSE,Producer manufacturing
Ind-Agiv Commerce Limited,INDAGIV,BSE,Technology services
Indbank Merchant Banking Services Limited,INDBANK,NSE,Finance
Ind Bank Housing Ltd,INDBNK,BSE,Finance
India Cements Capital Limited,INDCEMCAP,BSE,Finance
Inducto Steel Ltd.,INDCTST,BSE,Producer manufacturing
Indergiri Finance Limited.,INDERGR,BSE,Finance
India Gelatine & Chemicals Ltd.,INDGELA,BSE,Process industries
Indegene Limited,INDGN,NSE,Health technology
Indian Hotels Co. Ltd.,INDHOTEL,NSE,Consumer services
India Cements Ltd.,INDIACEM,NSE,Non-energy minerals
India Glycols Limited,INDIAGLYCO,NSE,Process industries
India Home Loan Ltd.,INDIAHOME,BSE,Finance
IndiaMART InterMESH Ltd.,INDIAMART,NSE,Retail trade
Indian Acrylics Limited,INDIANACRY,BSE,Process industries
Indian Bank,INDIANB,NSE,Finance
Indian Card Clothing Co. Ltd.,INDIANCARD,NSE,Producer manufacturing
Indian Hume Pipe Co. Ltd.,INDIANHUME,NSE,Producer manufacturing
Indianivesh Limited,INDIANVSH,BSE,Finance
India Shelter Finance Corp. Ltd.,INDIASHLTR,NSE,Finance
Inditrade Capital Limited,INDICAP,BSE,Finance
Indifra Ltd.,INDIFRA,NSE,Electronic technology
InterGlobe Aviation Ltd,INDIGO,NSE,Transportation
Indigo Paints Ltd,INDIGOPNTS,NSE,Process industries
Indian Infotech & Software Ltd.,INDINFO,BSE,Finance
Indiqube Spaces Limited,INDIQUBE,NSE,Finance
India Lease Development Limited,INDLEASE,BSE,Finance
India Nippon Electricals Limited,INDNIPPON,NSE,Producer manufacturing
Indo Amines Limited,INDOAMIN,NSE,Process industries
Indobell Insulations Limited,INDOBELL,BSE,Non-energy minerals
Indo Borax & Chemicals Limited,INDOBORAX,NSE,Process industries
Indo-City Infotech Limited,INDOCITY,BSE,Finance
Indoco Remedies Limited,INDOCO,NSE,Health technology
Indo Euro Indchem Ltd.,INDOEURO,BSE,Process industries
Indo Farm Equipment Ltd.,INDOFARM,NSE,Producer manufacturing
Indokem Limited,INDOKEM,BSE,Process industries
Indong Tea Co Limited,INDONG,BSE,Process industries
Indo Rama Synthetics (India) Limited,INDORAMA,NSE,Process industries
IndoStar Capital Finance Limited,INDOSTAR,NSE,Finance
Indo Tech Transformers Ltd.,INDOTECH,NSE,Producer manufacturing
Indo Thai Securities Limited,INDOTHAI,NSE,Finance
Indo US Bio-Tech Ltd.,INDOUS,NSE,Process industries
Indowind Energy Limited,INDOWIND,NSE,Utilities
Industrial & Prudential Investment Co. Ltd.,INDPRUD,BSE,Finance
Indraprastha Medical Corporation Limited,INDRAMEDCO,NSE,Health services
Indrayani Biotech Ltd.,INDRANIB,BSE,Consumer services
IND Renewable Energy Ltd,INDRENEW,BSE,Utilities
Indsil Hydro Power & Manganese Ltd.,INDSILHYD,BSE,Non-energy minerals
Indian Sucrose Limited,INDSUCR,BSE,Process industries
Ind-Swift Laboratories Ltd.,INDSWFTLAB,NSE,Health technology
Indian Terrain Fashions Limited,INDTERRAIN,NSE,Consumer non-durables
Indian Toners & Developers Ltd.,INDTONER,BSE,Electronic technology
Indus Finance Limited,INDUSFINL,BSE,Finance
IndusInd Bank Ltd.,INDUSINDBK,NSE,Finance
Indus Towers Limited,INDUSTOWER,NSE,Finance
IEL Limited,INDXTRA,BSE,Distribution services
Infibeam Avenues Ltd.,INFIBEAM,NSE,Commercial services
Infinium Pharmachem Ltd.,INFINIUM,NSE,Health technology
Inflame Appliances Limited,INFLAME,BSE,Consumer durables
Influx Healthtech Limited,INFLUX,NSE,Health technology
InfoBeans Technologies Ltd.,INFOBEAN,NSE,Technology services
Infollion Research Services Limited,INFOLLION,NSE,Commercial services
Infomedia Press Ltd.,INFOMEDIA,NSE,Consumer services
Infonative Solutions Ltd.,INFONATIVE,BSE,Technology services
Informed Technologies India Limited,INFORTEC,BSE,Technology services
Infronics Systems Limited,INFRONICS,BSE,Technology services
Infosys Limited,INFY,NSE,Technology services
Ingersoll-Rand (India) Limited,INGERRAND,NSE,Producer manufacturing
Inland Printers Ltd.,INLANPR,BSE,Commercial services
Indian Link Chain Manufacturers Ltd.,INLCM,BSE,Distribution services
Interiors & More Ltd.,INM,NSE,Producer manufacturing
Innocorp Limited,INNOCORP,BSE,Producer manufacturing
Innokaiz India Ltd.,INNOKAIZ,BSE,Commercial services
Innomet Advanced Materials Limited,INNOMET,NSE,Non-energy minerals
Innova Captab Limited,INNOVACAP,NSE,Health technology
Innovana Thinklabs Ltd.,INNOVANA,NSE,Technology services
Innovative Ideals & Services (India) Ltd.,INNOVATIVE,BSE,Electronic technology
Innovators Facade Systems Ltd.,INNOVATORS,BSE,Process industries
Innovative Tech Pack Limited,INNOVTEC,BSE,Process industries
Innovassynth Investments Limited,INOVSYNTH,BSE,Miscellaneous
Inox Green Energy Services Ltd.,INOXGREEN,NSE,Utilities
INOX India Limited,INOXINDIA,NSE,Producer manufacturing
Inox Wind Ltd.,INOXWIND,NSE,Producer manufacturing
Insecticides (India) Limited,INSECTICID,NSE,Process industries
Inspire Films Ltd.,INSPIRE,NSE,Consumer services
lnspirisys Solutions Limited,INSPIRISYS,NSE,Technology services
Integra Capital Ltd,INTCAPL,BSE,Finance
Intec Capital Limited,INTECCAP,BSE,Finance
Integrated Proteins Ltd.,INTEGFD,BSE,Process industries
Integrated Hitech Limited,INTEGHIT,BSE,Technology services
Integra Engineering India Limited,INTEGRAEN,BSE,Producer manufacturing
Integrity Infrabuild Developers Limited,INTEGRITY,NSE,Industrial services
Integra Switchgear Ltd,INTEGSW,BSE,Producer manufacturing
Intellect Design Arena Ltd,INTELLECT,NSE,Technology services
Intense Technologies Limited,INTENTECH,NSE,Technology services
Interarch Building Solutions Ltd,INTERARCH,NSE,Producer manufacturing
Interworld Digital Limited,INTERDIGI,BSE,Consumer services
Integrated Thermoplastics Ltd.,INTETHR,BSE,Producer manufacturing
International Combustion (India) Ltd,INTLCOMBQ,BSE,Producer manufacturing
International Conveyors Ltd.,INTLCONV,NSE,Producer manufacturing
Inter Globe Finance Ltd,INTRGLB,BSE,Finance
Inter State Oil Carrier Ltd.,INTSTOIL,BSE,Transportation
Inventure Growth & Securities Ltd.,INVENTURE,NSE,Finance
Invigorated Business Consulting Ltd,INVIGO,BSE,Finance
Investment & Precision Castings Limited,INVPRECQ,BSE,Producer manufacturing
Indian Overseas Bank,IOB,NSE,Finance
Indian Oil Corp. Ltd.,IOC,NSE,Energy minerals
IOL Chemicals & Pharmaceuticals Ltd.,IOLCP,NSE,Process industries
Ion Exchange (India) Ltd.,IONEXCHANG,NSE,Producer manufacturing
IPCA Laboratories Limited,IPCALAB,NSE,Health technology
Indian Phosphate Ltd.,IPHL,NSE,Process industries
India Pesticides Ltd.,IPL,NSE,Process industries
iPower Solutions India Ltd.,IPOWER,BSE,Technology services
IP Rings Limited,IPRINGLTD,BSE,Producer manufacturing
Integrated Personnel Services Ltd.,IPSL,NSE,Commercial services
IRB Infrastructure Developers Limited,IRB,NSE,Industrial services
IRCON International Ltd.,IRCON,NSE,Industrial services
Indian Railway Catering & Tourism Corp. Ltd.,IRCTC,NSE,Consumer services
Indian Renewable Energy Development Agency Ltd.,IREDA,NSE,Finance
Indian Railway Finance Corp. Ltd.,IRFC,NSE,Finance
IRIS Business Services Ltd.,IRIS,NSE,Technology services
Iris Clothings Ltd.,IRISDOREME,NSE,Consumer non-durables
Irm Energy Limited,IRMENERGY,NSE,Energy minerals
Ironwood Education Limited,IRONWOOD,BSE,Consumer services
ISF Limited,ISFL,BSE,Finance
Intrasoft Technologies Limited,ISFT,NSE,Retail trade
ISGEC Heavy Engineering Ltd.,ISGEC,NSE,Industrial services
Ishan International Limited,ISHAN,NSE,Distribution services
Ishan Dyes and Chemicals Limited,ISHANCH,NSE,Distribution services
Ishita Drugs & Industries Ltd.,ISHITADR,BSE,Health technology
ISL Consulting Limited,ISLCONSUL,BSE,Finance
IST Ltd,ISTLTD,BSE,Producer manufacturing
iStreet Network Ltd.,ISTRNETWK,BSE,Commercial services
Indiahomes Limited,ISWL,BSE,Non-energy minerals
Italian Edibles Limited,ITALIANE,NSE,Consumer non-durables
ITC Limited,ITC,NSE,Consumer non-durables
ITC Hotels Ltd,ITCHOTELS,NSE,Consumer services
Itcons E-Solutions Limited,ITCONS,BSE,Commercial services
India Tourism Development Corp. Ltd.,ITDC,NSE,Consumer services
International Travel House Limited,ITHL,BSE,Consumer services
ITI Limited,ITI,NSE,Communications
ITL Industries Limited,ITL,BSE,Producer manufacturing
Innovative Tyres & Tubes Ltd.,ITTL,NSE,Consumer durables
IL&FS Investment Managers Ltd.,IVC,NSE,Finance
IVP Ltd,IVP,NSE,Process industries
Iware Supplychain Services Limited,IWARE,NSE,Transportation
Indian Wood Products Co. Ltd.,IWP,BSE,Consumer non-durables
Le Travenues Technology Limited,IXIGO,NSE,Technology services
Iykot Hitech Toolroom Ltd.,IYKOTHITE,BSE,Producer manufacturing
IZMO Limited,IZMO,NSE,Technology services
Jammu & Kashmir Bank Ltd.,J&KBANK,NSE,Finance
Jackson Investments Ltd,JACKSON,BSE,Process industries
J.A. Finance Ltd,JAFINANCE,BSE,Finance
Jagatjit Industries Limited,JAGAJITIND,BSE,Consumer non-durables
Jagan Lamps Limited,JAGANLAM,BSE,Producer manufacturing
Jagjanani Textiles Limited,JAGJANANI,BSE,Process industries
Jagran Prakashan Limited,JAGRAN,NSE,Consumer services
Jagsonpal Pharmaceuticals Ltd.,JAGSNPHARM,NSE,Health technology
Jagsonpal Finance & Leasing Ltd.,JAGSONFI,BSE,Finance
Jai Balaji Industries Limited,JAIBALAJI,NSE,Non-energy minerals
Jai Corp Limited,JAICORPLTD,NSE,Process industries
Jaihind Synthetics Ltd,JAIHINDS,BSE,Process industries
Jai Mata Glass Limited,JAIMATAG,BSE,Consumer durables
Jainam Ferro Alloys (I) Ltd.,JAINAM,NSE,Producer manufacturing
Jainco Projects (India) Ltd,JAINCO,BSE,Finance
Jainex Aamcol Limited,JAINEX,BSE,Consumer durables
Jainik Power and Cables Ltd.,JAINIK,NSE,Non-energy minerals
Jain Marmo Industries Ltd,JAINMARMO,BSE,Non-energy minerals
Jaipan Industries Ltd.,JAIPAN,BSE,Consumer durables
Nandani Creation Ltd.,JAIPURKURT,NSE,Consumer non-durables
Jakharia Fabric Ltd.,JAKHARIA,NSE,Process industries
Jalan Transolutions (India) Limited,JALAN,NSE,Transportation
James Warren Tea Ltd,JAMESWARREN,BSE,Consumer non-durables
Jamna Auto Industries Limited,JAMNAAUTO,NSE,Producer manufacturing
Jamshri Realty Ltd.,JAMSHRI,BSE,Finance
Jasch Industries Limited,JASCH,BSE,Process industries
Jash Engineering Ltd.,JASH,NSE,Producer manufacturing
Jattashankar Industries Ltd.,JATTAINDUS,BSE,Process industries
Jauss Polymers Ltd,JAUSPOL,BSE,Process industries
Jayant Agro-Organics Limited,JAYAGROGN,NSE,Process industries
Jayant Infratech Ltd.,JAYANT,BSE,Industrial services
Jay Bharat Maruti Limited,JAYBARMARU,NSE,Distribution services
Jay Bee Laminations Limited,JAYBEE,NSE,Non-energy minerals
Jayabharat Credit Limited,JAYBHCR,BSE,Finance
Jayshree Chemicals Limited,JAYCH,BSE,Utilities
Jayatma Industries Limited,JAYIND,BSE,Process industries
Jay Kailash Namkeen Limited,JAYKAILASH,BSE,Consumer non-durables
Jaykay Enterprises Limited,JAYKAY,BSE,Commercial services
Jayaswal Neco Industries Limited,JAYNECOIND,NSE,Producer manufacturing
Jay Shree Tea & Industries Ltd.,JAYSREETEA,NSE,Process industries
Jaysynth Orgochem Ltd,JAYSYNTH,BSE,Process industries
Jaybharat Textiles & Real Estate Ltd.,JAYTEX,BSE,Process industries
Jay Ushin Limited,JAYUSH,BSE,Producer manufacturing
JB Chemicals & Pharmaceuticals Ltd.,JBCHEPHARM,NSE,Health technology
JBM Auto Limited,JBMA,NSE,Producer manufacturing
Johnson Controls-Hitachi Air Conditioning India Ltd.,JCHAC,NSE,Consumer durables
Jyotirgamya Enterprises Ltd,JEL,BSE,Distribution services
Jenburkt Pharmaceuticals Ltd,JENBURPH,BSE,Health technology
Jetking Infotrain Limited,JETKINGQ,BSE,Consumer services
Jetmall Spices & Masala Ltd.,JETMALL,BSE,Distribution services
Jet Solar Ltd,JETSOLAR,BSE,Finance
Jeyyam Global Foods Limited,JEYYAM,NSE,Consumer non-durables
Jhandewalas Foods Ltd.,JFL,BSE,Consumer non-durables
JFL Life Sciences Limited,JFLLIFE,NSE,Health technology
JG Chemicals Limited,JGCHEM,NSE,Process industries
Jasch Gauging Technologies Limited,JGTL,BSE,Electronic technology
Jhaveri Credits & Capital Ltd.,JHACC,BSE,Finance
JHS Svendgaard Laboratories Limited,JHS,NSE,Consumer non-durables
Jindal Photo Limited,JINDALPHOT,NSE,Finance
Jindal Poly Films Limited,JINDALPOLY,NSE,Process industries
Jindal Saw Limited,JINDALSAW,NSE,Non-energy minerals
Jindal Steel Limited,JINDALSTEL,NSE,Non-energy minerals
Jindal Capital Limited,JINDCAP,BSE,Miscellaneous
Jindal Hotels Limited,JINDHOT,BSE,Consumer services
Jindal Drilling & Industries Ltd.,JINDRILL,NSE,Industrial services
Jindal Worldwide Limited,JINDWORLD,NSE,Process industries
Jio Financial Services Limited,JIOFIN,NSE,Finance
Jain Irrigation Systems Limited,JISLDVREQS,NSE,Producer manufacturing
JITF Infralogistics Ltd.,JITFINFRA,NSE,Transportation
Jiwanram Sheoduttrai Industries Ltd.,JIWANRAM,NSE,Consumer non-durables
JJ Finance Corp. Ltd.,JJFINCOR,BSE,Finance
JK Agri Genetics Ltd.,JKAGRI,BSE,Process industries
J.K. Cement Ltd.,JKCEMENT,NSE,Non-energy minerals
J. Kumar Infraprojects Limited,JKIL,NSE,Industrial services
JK Lakshmi Cement Limited,JKLAKSHMI,NSE,Non-energy minerals
JK Paper Limited,JKPAPER,NSE,Process industries
JK Tyre & Industries Limited,JKTYRE,NSE,Consumer durables
Jupiter Life Line Hospitals Ltd.,JLHL,NSE,Health services
Jindal Leasefin Ltd.,JLL,BSE,Finance
Jullundur Motor Agency (Delhi) Ltd,JMA,NSE,Producer manufacturing
JMD Ventures Ltd,JMDVL,BSE,Electronic technology
JM Financial Limited,JMFINANCIL,NSE,Finance
JMG Corporation Limited,JMGCORP,BSE,Commercial services
JMJ Fintech Limited,JMJFIN,BSE,Finance
Jnk India Limited,JNKINDIA,NSE,Producer manufacturing
Jocil Limited,JOCIL,NSE,Process industries
Johnson Pharmacare Limited,JOHNPHARMA,BSE,Finance
Joindre Capital Services Limited,JOINDRE,BSE,Finance
Jonjua Overseas Ltd.,JONJUA,BSE,Technology services
Jost's Engineering Co. Ltd.,JOSTS,BSE,Producer manufacturing
Jaiprakash Associates Limited,JPASSOCIAT,NSE,Producer manufacturing
Jindal Poly Investment and Finance Co. Ltd.,JPOLYINVST,NSE,Finance
Jaiprakash Power Ventures Limited,JPPOWER,NSE,Utilities
JPT Securities Limited,JPTSEC,BSE,Finance
Jana Small Finance Bank Ltd,JSFB,NSE,Finance
JLA Infraville Shoppers Ltd,JSHL,BSE,Retail trade
Jindal Stainless Limited,JSL,NSE,Non-energy minerals
JSL Industries Limited,JSLINDL,BSE,Producer manufacturing
Jeena Sikho Lifecare Limited,JSLL,NSE,Health services
Jeevan Scientific Technology Ltd,JSTL,BSE,Health services
JSW Cement Limited,JSWCEMENT,NSE,Non-energy minerals
JSW Energy Limited,JSWENERGY,NSE,Utilities
JSW Holdings Limited,JSWHL,NSE,Finance
JSW Infrastructure Limited,JSWINFRA,NSE,Industrial services
JSW Steel Limited,JSWSTEEL,NSE,Non-energy minerals
JTEKT India Limited,JTEKTINDIA,NSE,Consumer durables
JTL Industries Limited,JTLIND,NSE,Non-energy minerals
Jubilant Agri and Consumer Products Limited,JUBLCPL,NSE,Process industries
Jubilant Foodworks Limited,JUBLFOOD,NSE,Consumer services
Jubilant Ingrevia Ltd.,JUBLINGREA,NSE,Process industries
Jubilant Pharmova Limited,JUBLPHARMA,NSE,Health technology
Julien Agro Infratech Ltd,JULIEN,BSE,Producer manufacturing
Jumbo Bag Limited,JUMBO,BSE,Process industries
Jungle Camps India Limited,JUNGLECAMP,BSE,Consumer services
Juniper Hotels Limited,JUNIPER,NSE,Consumer services
Jupiter Infomedia Ltd.,JUPITERIN,BSE,Technology services
Just Dial Ltd.,JUSTDIAL,NSE,Technology services
Jupiter Wagons Limited,JWL,NSE,Producer manufacturing
Jyothy Labs Limited,JYOTHYLAB,NSE,Consumer non-durables
Jyoti Limited,JYOTI,BSE,Producer manufacturing
Jyoti Cnc Automation Limited,JYOTICNC,NSE,Producer manufacturing
Jyoti Global Plast Limited,JYOTIGLOBL,NSE,Producer manufacturing
Jyoti Resins & Adhesives Ltd.,JYOTIRES,BSE,Process industries
Jyoti Structures Ltd.,JYOTISTRUC,NSE,Utilities
K2 Infragen Limited,K2INFRA,NSE,Industrial services
Kaarya Facilities & Services Ltd.,KAARYAFSL,BSE,Commercial services
Kabra Drugs Limited,KABRADG,BSE,Health technology
Kabra ExtrusionTechnik Ltd.,KABRAEXTRU,NSE,Producer manufacturing
Kabsons Industries Ltd.,KABSON,BSE,Producer manufacturing
Kachchh Minerals Limited,KACHCHH,BSE,Non-energy minerals
Kaiser Corporation Limited,KACL,BSE,Commercial services
Kahan Packaging Ltd.,KAHAN,BSE,Consumer durables
Kaira Can Co. Ltd.,KAIRA,BSE,Process industries
Kaizen Agro Infrabuild Limited,KAIZENAGRO,BSE,Industrial services
Kajaria Ceramics Limited,KAJARIACER,NSE,Producer manufacturing
KIC Metaliks Ltd.,KAJARIR,BSE,Non-energy minerals
Kaka Industries Limited,KAKA,BSE,Producer manufacturing
Kakatiya Cement Sugar & Industries Ltd.,KAKATCEM,NSE,Non-energy minerals
Kakatiya Textiles Ltd.,KAKTEX,BSE,Process industries
Sai Silks (Kalamandir) Ltd.,KALAMANDIR,NSE,Retail trade
Kalana Ispat Ltd.,KALANA,NSE,Non-energy minerals
Kallam Textiles Ltd,KALLAM,BSE,Process industries
Kalpa Commercial Ltd,KALPACOMME,BSE,Process industries
Kalpataru Ltd.,KALPATARU,NSE,Finance
Kalyan Capitals Ltd,KALYANCAP,BSE,Finance
Kalyani Cast-Tech Ltd.,KALYANI,BSE,Process industries
Kalyani Forge Limited,KALYANIFRG,NSE,Producer manufacturing
Kalyan Jewellers India Ltd.,KALYANKJIL,NSE,Retail trade
Kamadgiri Fashion Limited,KAMADGIRI,BSE,Process industries
Kama Holdings Limited,KAMAHOLD,BSE,Process industries
Kamanwala Housing & Construction Ltd.,KAMANWALA,BSE,Finance
Kamat Hotels (India) Ltd,KAMATHOTEL,NSE,Consumer services
Vikram Kamats Hospitality Ltd.,KAMATS,BSE,Consumer services
Kamdhenu Limited,KAMDHENU,NSE,Non-energy minerals
Kamdhenu Ventures Ltd.,KAMOPAINTS,NSE,Process industries
Kanani Industries Limited,KANANIIND,NSE,Consumer durables
Kanchi Karpooram Ltd,KANCHI,BSE,Process industries
Kanco Tea & Industries Ltd.,KANCOTEA,BSE,Process industries
Kandagiri Spinning Mills Limited,KANDAGIRI,BSE,Process industries
Kandarp Digi Smart BPO Limited,KANDARP,NSE,Commercial services
Kanoria Chemicals & Industries Ltd,KANORICHEM,NSE,Process industries
Kanpur Plastipack Limited,KANPRPLA,NSE,Producer manufacturing
Kansai Nerolac Paints Limited,KANSAINER,NSE,Process industries
Kanishk Steel Industries Limited,KANSHST,BSE,Non-energy minerals
Kanungo Financiers Ltd.,KANUNGO,BSE,Finance
Kapil Cotex Ltd.,KAPILCO,BSE,Process industries
Kapil Raj Finance Ltd.,KAPILRAJ,BSE,Finance
Kapston Services Limited,KAPSTON,NSE,Commercial services
Manor Estates and Industries Limited,KARANWO,BSE,Consumer non-durables
Karbonsteel Engineering Limited,KARBON,BSE,Producer manufacturing
Karma Energy Limited,KARMAENG,NSE,Utilities
Karnavati Finance Ltd.,KARNAVATI,BSE,Finance
Karnika Industries Ltd.,KARNIKA,NSE,Consumer non-durables
Karur Vysya Bank Ltd.,KARURVYSYA,NSE,Finance
Kashyap Tele-Medicines Limited,KASHYAP,BSE,Technology services
Kataria Industries Limited,KATARIA,NSE,Producer manufacturing
Kati Patang Lifestyle Limited,KATIPATANG,BSE,Technology services
Katare Spinning Mills Limited,KATRSPG,BSE,Process industries
Kaushalya Infrastructure Development Corporation Ltd,KAUSHALYA,NSE,Industrial services
Kavveri Defence & Wireless Technologies Limited,KAVDEFENCE,NSE,Electronic technology
Kaya Limited,KAYA,NSE,Consumer non-durables
Kaycee Industries Ltd.,KAYCEEI,BSE,Producer manufacturing
Kaynes Technology India Ltd.,KAYNES,NSE,Electronic technology
Kay Power & Paper Ltd.,KAYPOWR,BSE,Process industries
Kaytex Fabrics Limited,KAYTEX,NSE,Process industries
KBS India Limited,KBSINDIA,BSE,Finance
KCD Industries India Ltd.,KCDGROUP,BSE,Industrial services
Kay Cee Energy & Infra Limited,KCEIL,NSE,Industrial services
KCK Industries Limited,KCK,NSE,Process industries
KCL Infra Projects Ltd,KCLINFRA,BSE,Industrial services
KCP Ltd.,KCP,NSE,Producer manufacturing
KCP Sugar & Industries Corp. Ltd.,KCPSUGIND,NSE,Process industries
KDDL Limited,KDDL,NSE,Consumer durables
Kore Digital Limited,KDL,NSE,Communications
KEC International Ltd.,KEC,NSE,Industrial services
Kirloskar Electric Co. Ltd.,KECL,NSE,Producer manufacturing
DSJ Keep Learning Limited,KEEPLEARN,NSE,Commercial services
Keerthi Industries Limited,KEERTHI,BSE,Non-energy minerals
KEI Industries Limited,KEI,NSE,Producer manufacturing
Kanoria Energy & Infrastructure Ltd,KEIL,BSE,Non-energy minerals
Kundan Edifice Limited,KEL,NSE,Producer manufacturing
Kotia Enterprises Ltd,KEL,BSE,Producer manufacturing
Keltech Energies Limited,KELENRG,BSE,Process industries
Kellton Tech Solutions Ltd.,KELLTONTEC,NSE,Technology services
Kemistar Corporation Limited,KEMISTAR,BSE,Process industries
Kemp & Co. Ltd.,KEMP,BSE,Finance
KEN Enterprises Ltd.,KEN,NSE,Process industries
Ken Financial Services Limited,KENFIN,BSE,Finance
Kennametal India Limited,KENNAMET,BSE,Producer manufacturing
Kenrik Industries Limited,KENRIK,BSE,Consumer durables
Kenvi Jewels Ltd.,KENVI,BSE,Consumer durables
Kerala Ayurveda Limited,KERALAYUR,BSE,Health technology
Kernex Microsystems India Ltd.,KERNEX,NSE,Electronic technology
Kesar India Ltd.,KESAR,BSE,Finance
Kesar Enterprises Limited,KESARENT,BSE,Process industries
Kesar Petroproducts Ltd.,KESARPE,BSE,Process industries
Kesoram Industries Ltd,KESORAMIND,NSE,Non-energy minerals
Key Corp Limited,KEYCORP,BSE,Finance
Keynote Financial Services Limited,KEYFINSERV,NSE,Finance
Kothari Fermentation & Biochem Ltd.,KFBL,BSE,Consumer non-durables
Kfin Technologies Limited,KFINTECH,NSE,Technology services
KG Denim Ltd.,KGDENIM,BSE,Process industries
Kuberan Global Edu Solutions Limited,KGES,BSE,Commercial services
KG Petrochem Ltd.,KGPETRO,BSE,Process industries
Khyati Global Ventures Ltd.,KGVL,BSE,Finance
Khadim India Limited,KHADIM,NSE,Consumer non-durables
Khaitan Chemicals & Fertilizers Ltd.,KHAICHEM,NSE,Process industries
Khaitan India Ltd.,KHAITANLTD,NSE,Consumer durables
Khandwala Securities Limited,KHANDSE,NSE,Finance
Khazanchi Jewellers Ltd.,KHAZANCHI,BSE,Distribution services
KHFM Hospitality & Facility Management Services Ltd.,KHFM,NSE,Commercial services
Khoobsurat Ltd.,KHOOBSURAT,BSE,Process industries
Khyati Multimedia Entertainment Ltd.,KHYATI,BSE,Commercial services
Kalyani Investment Co. Ltd.,KICL,NSE,Finance
Kiduja India Limited,KIDUJA,BSE,Finance
KIFS Financial Services Ltd.,KIFS,BSE,Finance
Kilitch Drugs (India) Limited,KILITCH,NSE,Health technology
Kimia Biosciences Ltd.,KIMIABL,BSE,Health technology
Krishna Institute of Medical Sciences Limited,KIMS,NSE,Health services
Kinetic Engineering Ltd,KINETICENG,BSE,Producer manufacturing
Kinetic Trust Limited,KINETRU,BSE,Finance
Kingfa Science & Technology (India) Limited,KINGFA,NSE,Process industries
Kings Infra Ventures Limited,KINGSINFR,BSE,Process industries
KIOCL Ltd,KIOCL,NSE,Non-energy minerals
Kiran Print-Pack Ltd.,KIRANPR,BSE,Commercial services
Kiran Syntex Ltd.,KIRANSY_B,BSE,Process industries
Kiran Vyapar Ltd.,KIRANVYPAR,BSE,Finance
Kiri Industries Limited,KIRIINDUS,NSE,Process industries
Kirloskar Ferrous Industries Ltd.,KIRLFER,BSE,Non-energy minerals
Kirloskar Brothers Ltd.,KIRLOSBROS,NSE,Producer manufacturing
Kirloskar Oil Engines Limited,KIRLOSENG,NSE,Producer manufacturing
Kirloskar Industries Limited,KIRLOSIND,NSE,Non-energy minerals
Kirloskar Pneumatic Co. Ltd.,KIRLPNU,NSE,Producer manufacturing
Kisaan Parivar Industries Ltd,KISAAN,BSE,Finance
Kisan Mouldings Limited,KISAN,BSE,Producer manufacturing
Kitex Garments Limited,KITEX,NSE,Process industries
Kizi Apparels Limited,KIZI,BSE,Consumer non-durables
KJMC Corporate Advisors (India) Ltd.,KJMCCORP,BSE,Finance
KJMC Financial Services Limited,KJMCFIN,BSE,Finance
Kkalpana Industries (India) Limited,KKALPANAIND,BSE,Producer manufacturing
Kewal Kiran Clothing Limited,KKCL,NSE,Consumer non-durables
Kabra Jewels Limited,KKJEWELS,NSE,Retail trade
Kkalpana Plastick Ltd.,KKPLASTICK,BSE,Producer manufacturing
KK Shah Hospitals Limited,KKSHL,BSE,Health services
KKV Agro Powers Ltd.,KKVAPOW,NSE,Utilities
Kilburn Engineering Ltd,KLBRENG_B,BSE,Producer manufacturing
KLG Capital Services Ltd.,KLGCAP,BSE,Finance
K-Lifestyle & Industries Limited,KLIFESTYL,BSE,Process industries
Kaushalya Logistics Ltd.,KLL,NSE,Transportation
Kovilpatti Lakshmi Roller Flour Mills Ltd,KLRFM,BSE,Process industries
KMC Speciality Hospitals (India) Limited,KMCSHIL,BSE,Health services
Knowledge Marine & Engineering Works Limited,KMEW,NSE,Producer manufacturing
KMF Builders & Developers Ltd.,KMFBLDR,BSE,Consumer durables
KMS Medisurgi Ltd.,KMSMEDI,BSE,Health technology
K.M. Sugar Mills Ltd.,KMSUGAR,NSE,Process industries
KN Agri Resources Ltd.,KNAGRI,NSE,Process industries
KNR Constructions Limited,KNRCON,NSE,Industrial services
Kobo Biotech Ltd,KOBO,BSE,Health technology
Kody Technolab Limited,KODYTECH,NSE,Technology services
Kohinoor Foods Limited.,KOHINOOR,NSE,Process industries
Kokuyo Camlin Limited,KOKUYOCMLN,NSE,Consumer durables
Kolte-Patil Developers Limited,KOLTEPATIL,NSE,Finance
Konark Synthetic Limited,KONARKSY,BSE,Process industries
Konndor Industries Limited,KONNDOR,BSE,Distribution services
Konstelec Engineers Limited,KONSTELEC,NSE,Industrial services
Kontor Space Ltd.,KONTOR,NSE,Finance
Kopran Limited,KOPRAN,NSE,Health technology
Kore Foods Ltd.,KORE,BSE,Consumer non-durables
Jay Jalaram Technologies Ltd.,KORE,NSE,Distribution services
Kotak Mahindra Bank Limited,KOTAKBANK,NSE,Finance
Kothari Sugars & Chemicals Ltd.,KOTARISUG,NSE,Process industries
Kothari Petrochemicals Ltd.,KOTHARIPET,NSE,Process industries
Kothari Products Limited.,KOTHARIPRO,NSE,Distribution services
Kothari Industrial Corp. Ltd.,KOTIC,BSE,Process industries
Kotyark Industries Ltd.,KOTYARK,NSE,Process industries
Koura Fine Diamond Jewelry Limited,KOURA,BSE,Consumer durables
Kovai Medical Center & Hospital Ltd.,KOVAI,BSE,Health services
K.P. Energy Ltd.,KPEL,NSE,Utilities
KP Green Engineering Limited,KPGEL,BSE,Producer manufacturing
KPI Green Energy Limited,KPIGREEN,NSE,Utilities
Kalpataru Projects International Limited,KPIL,NSE,Industrial services
KPIT Technologies Limited,KPITTECH,NSE,Technology services
Kwality Pharmaceuticals Ltd,KPL,BSE,Health technology
K.P.R. Mill Limited,KPRMILL,NSE,Consumer non-durables
KPT Industries Limited,KPT,BSE,Consumer durables
Kranti Industries Ltd.,KRANTI,BSE,Producer manufacturing
KRBL Limited,KRBL,NSE,Process industries
Krebs Biochemicals & Industries Ltd.,KREBSBIO,NSE,Health technology
Kreon Finnancial Services Limited,KREONFIN,BSE,Finance
Kretto Syscon Ltd,KRETTOSYS,BSE,Health technology
Kridhan Infra Limited,KRIDHANINF,NSE,Non-energy minerals
Krishana Phoschem Ltd.,KRISHANA,NSE,Process industries
Krishca Strapping Solutions Ltd.,KRISHCA,NSE,Producer manufacturing
Krishival Foods Limited,KRISHIVAL,NSE,Process industries
Krishna Ventures Limited,KRISHNA,BSE,Industrial services
Krishna Capital & Securities Ltd.,KRISHNACAP,BSE,Finance
Krishna Defence and Allied Industries Limited,KRISHNADEF,NSE,Electronic technology
Kriti Industries (India) Ltd.,KRITI,NSE,Producer manufacturing
Kritika Wires Limited,KRITIKA,NSE,Producer manufacturing
Kriti Nutrients Limited,KRITINUT,NSE,Process industries
Krn Heat Exchanger and Refrigeration Limited,KRN,NSE,Producer manufacturing
Kronox Lab Sciences Limited,KRONOX,NSE,Process industries
Kross Limited,KROSS,NSE,Producer manufacturing
K&R Rail Engineering Ltd.,KRRAIL,BSE,Industrial services
Krsnaa Diagnostics Limited,KRSNAA,NSE,Health services
Krupalu Metals Limited,KRUPALU,BSE,Non-energy minerals
Krypton Industries Ltd,KRYPTONQ,BSE,Consumer durables
Krystal Integrated Services Ltd.,KRYSTAL,NSE,Commercial services
KSB Ltd.,KSB,NSE,Producer manufacturing
Kaveri Seed Co. Ltd.,KSCL,NSE,Process industries
KSE Ltd.,KSE,BSE,Process industries
Kshitij Polyline Ltd.,KSHITIJPOL,NSE,Process industries
Kalyani Steels Ltd,KSL,NSE,Non-energy minerals
Ksolves India Ltd,KSOLVES,NSE,Technology services
Kesar Terminals & Infrastructure Limited,KTIL,BSE,Distribution services
Karnataka Bank Ltd.,KTKBANK,NSE,Finance
Kuantum Papers Limited,KUANTUM,NSE,Process industries
Kuber Udyog Ltd,KUBERJI,BSE,Finance
Kumbhat Financial Services Limited,KUMPFIN,BSE,Finance
Kunststoffe Industries Ltd.,KUNSTOFF,BSE,Producer manufacturing
Kush Industries Limited,KUSHIND,BSE,Process industries
Kuwer Industries Ltd.,KUWERIN,BSE,Consumer durables
Krishanveer Forge Limited,KVFORGE,BSE,Producer manufacturing
KZ Leasing & Finance Ltd.,KZLFIN,BSE,Finance
Labelkraft Technologies Ltd.,LABELKRAFT,BSE,Distribution services
Lactose India Ltd.,LACTOSE,BSE,Health technology
Ladderup Finance Limited,LADDERUP,BSE,Finance
Laddu Gopal Online Services Ltd,LADDU,BSE,Industrial services
Laffans Petrochemicals Limited,LAFFANSQ,BSE,Process industries
Lagnam Spintex Ltd.,LAGNAM,NSE,Process industries
Ladam Affordable Housing Ltd.,LAHL,BSE,Consumer durables
Lahoti Overseas Limited,LAHOTIOV,BSE,Process industries
Lake Shore Realty Ltd,LAKESHORE,BSE,Process industries
Lakhotia Polyesters (India) Ltd.,LAKHOTIA,BSE,Process industries
Lakshmi Precision Screws Limited,LAKPRE,NSE,Producer manufacturing
Lakshmi Electrical Control Systems Limited,LAKSELEC,BSE,Producer manufacturing
Lakshmi Engineering and Warehousing Ltd,LAKSHMIEW,BSE,Producer manufacturing
Lakshmi Mills Co. Ltd.,LAKSHMIMIL,BSE,Process industries
Lakshya Powertech Limited,LAKSHYA,NSE,Industrial services
Lorenzini Apparels Ltd.,LAL,NSE,Consumer non-durables
Dr. Lal PathLabs Limited,LALPATHLAB,NSE,Health services
Lambodhara Textiles Ltd.,LAMBODHARA,NSE,Process industries
Lamosaic India Ltd.,LAMOSAIC,NSE,Distribution services
Lancer Container Lines Ltd,LANCER,BSE,Transportation
Lancor Holdings Limited,LANCORHOL,NSE,Finance
Landmarc Leisure Corporation Limited,LANDMARC,BSE,Consumer services
Landmark Cars Ltd.,LANDMARK,NSE,Retail trade
La Opala RG Ltd.,LAOPALA,NSE,Consumer durables
Lasa Supergenerics Ltd.,LASA,NSE,Health technology
Last Mile Enterprises Limited,LASTMILE,BSE,Industrial services
Latent View Analytics Limited,LATENTVIEW,NSE,Commercial services
La Tim Metal & Industries Ltd,LATIMMETAL,BSE,Non-energy minerals
Latteys Industries Ltd.,LATTEYS,NSE,Producer manufacturing
Laurus Labs Ltd.,LAURUSLABS,NSE,Health technology
Addictive Learning Technology Ltd.,LAWSIKHO,NSE,Technology services
Laxmi Cotspin Ltd.,LAXMICOT,NSE,Process industries
Laxmi Dental Ltd.,LAXMIDENTL,NSE,Health services
Laxmi India Finance Limited,LAXMIINDIA,NSE,Finance
Laxmipati Engineering Works Ltd.,LAXMIPATI,BSE,Producer manufacturing
LCC Infotech Ltd.,LCCINFOTEC,NSE,Technology services
Lead Financial Services Limited,LEADFIN,BSE,Finance
Lee & Nee Softwares (Exports) Ltd,LEENEE,BSE,Technology services
Lehar Footwears Limited,LEHAR,BSE,Consumer non-durables
Le Lavoir Ltd.,LELAVOIR,BSE,Process industries
Le Merite Exports Ltd.,LEMERITE,NSE,Process industries
Lemon Tree Hotels Ltd.,LEMONTREE,NSE,Consumer services
Lerthai Finance Limited,LERTHAI,BSE,Finance
Lesha Industries Limited,LESHAIND,BSE,Non-energy minerals
Lexoraa Industries Ltd,LEXORAA,BSE,Health technology
Lexus Granito (India) Ltd.,LEXUS,NSE,Producer manufacturing
Lakshmi Finance & Industrial Corp. Ltd.,LFIC,NSE,Finance
L.G. Balakrishnan & Bros Ltd.,LGBBROSLTD,NSE,Producer manufacturing
LGB Forge Limited,LGBFORGE,BSE,Producer manufacturing
Laxmi Goldorna House Ltd.,LGHL,NSE,Consumer durables
Landmark Global Learning Ltd,LGLL,BSE,Commercial services
LGT Business Connextions Limited,LGT,BSE,Consumer services
Libas Consumer Products Ltd.,LIBAS,NSE,Consumer non-durables
Liberty Shoes Limited,LIBERTSHOE,NSE,Consumer non-durables
Libord Securities Limited,LIBORD,BSE,Finance
Libord Finance Limited,LIBORDFIN,BSE,Commercial services
LIC Housing Finance Ltd,LICHSGFIN,NSE,Finance
Life Insurance Corp. of India,LICI,NSE,Finance
Likhami Consulting Ltd.,LIKHAMI,BSE,Commercial services
Likhitha Infrastructure Ltd,LIKHITHA,NSE,Industrial services
Lime Chemicals Limited,LIMECHM,BSE,Process industries
Linc Limited,LINC,NSE,Consumer non-durables
Lincoln Pharmaceuticals Ltd,LINCOLN,NSE,Health technology
Linde India Ltd.,LINDEINDIA,NSE,Process industries
Link Pharma Chem Ltd.,LINKPH,BSE,Process industries
Lippi Systems Limited,LIPPISYS,BSE,Producer manufacturing
L.K.Mehta Polymers Limited,LKMEHTA,BSE,Process industries
LKP Finance Limited,LKPFIN,BSE,Finance
LKP Securities Limited,LKPSEC,BSE,Finance
Leading Leasing Finance & Investment Co. Ltd.,LLFICL,BSE,Finance
Lloyds Enterprises Limited TEMP,LLOYDPP.E1,NSE,Distribution services
Lloyds Luxuries Ltd.,LLOYDS,NSE,Retail trade
Lloyds Engineering Works Ltd,LLOYDSENGG,NSE,Industrial services
Lloyds Metals & Energy Ltd.,LLOYDSME,NSE,Non-energy minerals
LMW Limited,LMW,NSE,Producer manufacturing
Lodha Developers Ltd.,LODHA,NSE,Finance
Logica Infoway Limited,LOGICA,BSE,Retail trade
Lokesh Machines Ltd,LOKESHMACH,NSE,Technology services
Longspur International Ventures Ltd,LONGSPUR,BSE,Finance
Longview Tea Co. Ltd.,LONTE,BSE,Consumer non-durables
Looks Health Services Ltd.,LOOKS,BSE,Health services
Lords Chloro Alkali Limited,LORDSCHLO,NSE,Process industries
Lords Ishwar Hotels Limited,LORDSHOTL,BSE,Consumer services
Lotus Chocolate Co. Ltd.,LOTUSCHO,BSE,Consumer non-durables
Sri Lotus Developers and Realty Limited,LOTUSDEV,NSE,Finance
Lotus Eye Hospital And Institute Ltd,LOTUSEYE,NSE,Health services
Lovable Lingerie Limited,LOVABLE,NSE,Consumer non-durables
Loyal Equipments Ltd,LOYAL,BSE,Producer manufacturing
Loyal Textile Mills Limited,LOYALTEX,NSE,Process industries
Landmark Property Development Co. Ltd.,LPDC,NSE,Finance
Lead Reclaim & Rubber Products Ltd.,LRRPL,NSE,Process industries
LS Industries Limited,LSIND,BSE,Transportation
Larsen & Toubro Limited,LT,NSE,Industrial services
L T ELEVATOR LTD,LTELEVATOR,BSE,Producer manufacturing
L&T Finance Ltd,LTF,NSE,Finance
LT Foods Limited,LTFOODS,NSE,Process industries
LTIMindtree Limited,LTIM,NSE,Technology services
L&T Technology Services Ltd.,LTTS,NSE,Commercial services
Lucent Industries Limited,LUCENT,BSE,Commercial services
Ludlow Jute & Specialities Limited,LUDLOWJUT,BSE,Process industries
Lumax Industries Limited,LUMAXIND,NSE,Producer manufacturing
Lumax Auto Technologies Limited,LUMAXTECH,NSE,Producer manufacturing
Lupin Limited,LUPIN,NSE,Health technology
Lux Industries Ltd.,LUXIND,NSE,Consumer non-durables
LWS Knitwear Ltd.,LWSKNIT,BSE,Process industries
Laxmi Organic Industries Ltd.,LXCHEM,NSE,Process industries
Lyka Labs Limited,LYKALABS,NSE,Health technology
Lykis Limited,LYKISLTD,BSE,Consumer non-durables
Lynx Machinery & Commercials Ltd.,LYNMC,BSE,Transportation
Lyons Corporate Market Ltd,LYONSCO,BSE,Finance
Lypsa Gems & Jewellery Ltd.,LYPSAGEMS,NSE,Consumer durables
Mahindra & Mahindra Ltd.,M&M,NSE,Consumer durables
Mahindra & Mahindra Financial Services Ltd.,M&MFIN,NSE,Finance
Maan Aluminium Limited,MAANALU,NSE,Non-energy minerals
Mac Hotels Ltd.,MACH,BSE,Consumer services
Machhar Industries Limited,MACIND,BSE,Process industries
Macobs Technologies Ltd.,MACOBSTECH,NSE,Retail trade
Machino Plastics Limited,MACPLASQ,BSE,Producer manufacturing
Macpower CNC Machines Limited,MACPOWER,NSE,Producer manufacturing
Madhav Marbles & Granites Ltd.,MADHAV,NSE,Non-energy minerals
Vaidya Sane Ayurved Laboratories Limited,MADHAVBAUG,NSE,Health services
Madhav Infra Projects Ltd.,MADHAVIPL,BSE,Utilities
Madhucon Projects Limited,MADHUCON,NSE,Industrial services
Madhusudan Industries Limited,MADHUDIN,BSE,Finance
Madhur Industries Limited,MADHURIND,BSE,Consumer non-durables
Madhusudan Securities Limited,MADHUSE,BSE,Commercial services
Madhusudan Masala Limited,MADHUSUDAN,NSE,Consumer non-durables
Madhuveer Com 18 Network Ltd.,MADHUVEER,BSE,Commercial services
Madras Fertilizers Ltd,MADRASFERT,NSE,Process industries
Mafatlal Industries Limited,MAFATIND,BSE,Process industries
Mafia Trends Limited,MAFIA,BSE,Distribution services
Magadh Sugar & Energy Ltd.,MAGADSUGAR,NSE,Process industries
Magenta Lifecare Limited,MAGENTA,BSE,Consumer durables
Magna Electro Castings Limited,MAGNAELQ,BSE,Producer manufacturing
Magnum Ventures Limited.,MAGNUM,NSE,Process industries
Magnus Steel and Infra Limited,MAGNUS,BSE,Commercial services
Magson Retail and Distribution Limited,MAGSON,NSE,Retail trade
Bank of Maharashtra,MAHABANK,NSE,Finance
Maharashtra Corporation Limited,MAHACORP,BSE,Producer manufacturing
Mahalaxmi Seamless Limited,MAHALXSE,BSE,Non-energy minerals
Mahan Industries Limited,MAHANIN,BSE,Finance
Maha Rashtra Apex Corporation Limited,MAHAPEXLTD,NSE,Finance
Mahamaya Steel Industries Ltd.,MAHASTEEL,NSE,Non-energy minerals
Mahaveer Infoway Limited,MAHAVEER,BSE,Technology services
Mahindra EPC Irrigation Limited,MAHEPC,NSE,Producer manufacturing
Maheshwari Logistics Ltd.,MAHESHWARI,NSE,Transportation
Mahickra Chemicals Ltd.,MAHICKRA,NSE,Process industries
Mahindra Lifespace Developers Limited,MAHLIFE,NSE,Finance
Mahindra Logistics Ltd.,MAHLOG,NSE,Transportation
Maharashtra Scooters Ltd,MAHSCOOTER,NSE,Producer manufacturing
Maharashtra Seamless Limited,MAHSEAMLES,NSE,Non-energy minerals
Maiden Forgings Ltd.,MAIDEN,BSE,Non-energy minerals
Maruti Infrastructure Limited,MAINFRA,BSE,Industrial services
Maithan Alloys Ltd.,MAITHANALL,NSE,Non-energy minerals
Maitreya Medicare Limited,MAITREYA,NSE,Health services
Maitri Enterprises Ltd.,MAITRI,BSE,Non-energy minerals
Majestic Auto Limited,MAJESAUT,BSE,Commercial services
Makers Laboratories Ltd,MAKERSL,BSE,Health technology
Maks Energy Solutions India Limited,MAKS,NSE,Producer manufacturing
Mangalam Alloys Ltd.,MAL,NSE,Non-energy minerals
Meyer Apparel Limited,MAL,BSE,Consumer non-durables
Mallcom (India) Ltd.,MALLCOM,NSE,Consumer non-durables
Malpani Pipes And Fittings Limited,MALPANI,BSE,Producer manufacturing
Malu Paper Mills Limited,MALUPAPER,NSE,Process industries
Mamata Machinery Ltd.,MAMATA,NSE,Producer manufacturing
Manaksia Aluminium Company Ltd,MANAKALUCO,NSE,Non-energy minerals
Manaksia Coated Metals & Industries Ltd,MANAKCOAT,NSE,Non-energy minerals
Manaksia Limited,MANAKSIA,NSE,Non-energy minerals
Manaksia Steels Ltd,MANAKSTEEL,NSE,Non-energy minerals
Manali Petrochemicals Limited,MANALIPETC,NSE,Process industries
Manappuram Finance Limited,MANAPPURAM,NSE,Finance
Manav Infra Projects Ltd.,MANAV,NSE,Industrial services
Manba Finance Limited,MANBA,NSE,Finance
Manbro Industries Ltd,MANBRO,BSE,Consumer non-durables
Mangal Credit & Fincorp Ltd.,MANCREDIT,NSE,Finance
Mandeep Auto Industries Limited,MANDEEP,NSE,Producer manufacturing
Mangalam Drugs & Organics Ltd.,MANGALAM,NSE,Health technology
Mangal Compusolution Ltd.,MANGALCOMP,BSE,Finance
Mangalore Chemicals & Fertilizers Ltd.,MANGCHEFER,NSE,Process industries
Mangalam Industrial Finance Ltd,MANGIND,BSE,Finance
Mangalam Cement Ltd,MANGLMCEM,NSE,Non-energy minerals
Man Industries (India) Limited,MANINDS,NSE,Producer manufacturing
Man Infraconstruction Limited,MANINFRA,NSE,Finance
Mankind Pharma Ltd.,MANKIND,NSE,Health technology
Manoj Jewellers Limited,MANOJJEWEL,BSE,Retail trade
Manomay Tex India Ltd.,MANOMAY,NSE,Process industries
Manorama Industries Ltd.,MANORAMA,NSE,Consumer non-durables
Mangalam Organics Ltd,MANORG,NSE,Process industries
Manraj Housing Finance Ltd.,MANRAJH,BSE,Finance
Mansi Finance (Chennai) Limited,MANSIFIN,BSE,Finance
Manugraph India Limited,MANUGRAPH,NSE,Producer manufacturing
Vedant Fashions Limited,MANYAVAR,NSE,Retail trade
C.E. Info Systems Ltd.,MAPMYINDIA,NSE,Commercial services
Mapro Industries Ltd.,MAPROIN,BSE,Consumer durables
Maral Overseas Limited,MARALOVER,NSE,Process industries
Marathon Nextgen Realty Limited,MARATHON,NSE,Finance
Marble City India Limited,MARBLE,BSE,Distribution services
Martin Burn Ltd,MARBU,BSE,Finance
Marc Loire Fashions Ltd.,MARCLOIRE,BSE,Retail trade
Marco Cables & Conductors Ltd.,MARCO,NSE,Producer manufacturing
Margo Finance Limited,MARGOFIN,BSE,Finance
Marico Limited,MARICO,NSE,Consumer non-durables
Marine Electricals (India) Limited,MARINE,NSE,Distribution services
Marinetrans India Ltd.,MARINETRAN,NSE,Transportation
Maris Spinners Ltd.,MARIS,BSE,Process industries
Markolines Pavement Technologies Limited,MARKOLINES,BSE,Industrial services
Marksans Pharma Limited,MARKSANS,NSE,Health technology
Marshall Machines Ltd.,MARSHALL,NSE,Producer manufacturing
Marsons Limited,MARSONS,BSE,Producer manufacturing
Maruti Suzuki India Limited,MARUTI,NSE,Consumer durables
Maruti Securities Ltd,MARUTISE,BSE,Finance
MAS Financial Services Ltd.,MASFIN,NSE,Finance
Mask Investments Ltd,MASKINVEST,NSE,Finance
Mason Infratech Limited,MASON,NSE,Industrial services
Mastek Limited,MASTEK,NSE,Technology services
Master Components Limited,MASTER,NSE,Producer manufacturing
Master Trust Limited,MASTERTR,NSE,Finance
Mathew Easow Research Securities Ltd,MATHEWE,BSE,Finance
Matrimony.com Ltd.,MATRIMONY,NSE,Technology services
Mawana Sugars Limited,MAWANASUG,NSE,Consumer non-durables
Max Estates Limited,MAXESTATES,NSE,Finance
MAXGROW INDIA LIMITED,MAXGROW,BSE,Commercial services
Max Healthcare Institute Ltd,MAXHEALTH,NSE,Health services
Maxheights Infrastructure Ltd.,MAXHEIGHTS,BSE,Finance
Maximus International Ltd.,MAXIMUS,BSE,Distribution services
Max India Ltd,MAXIND,NSE,Health services
Maxposure Limited,MAXPOSURE,NSE,Commercial services
Maxvolt Energy Industries Limited,MAXVOLT,NSE,Producer manufacturing
Mayasheel Ventures Limited,MAYASHEEL,NSE,Industrial services
Mayur Leather Products Limited,MAYUR,BSE,Consumer non-durables
Mayur Floorings Ltd.,MAYURFL,BSE,Non-energy minerals
Mayur Uniquoters Limited,MAYURUNIQ,NSE,Process industries
Mazda Limited,MAZDA,NSE,Producer manufacturing
Mazagon Dock Shipbuilders Ltd.,MAZDOCK,NSE,Producer manufacturing
Madhya Bharat Agro Products Ltd.,MBAPL,NSE,Process industries
M & B Engineering Limited,MBEL,NSE,Producer manufacturing
MBL Infrastructure Limited,MBLINFRA,NSE,Industrial services
Mac Charles India Ltd.,MCCHRLS_B,BSE,Finance
Mach Conferences and Events Ltd.,MCEL,BSE,Commercial services
Mayank Cattle Food Limited,MCFL,BSE,Process industries
Madhav Copper Ltd.,MCL,NSE,Non-energy minerals
McLeod Russel India Limited,MCLEODRUSS,NSE,Consumer non-durables
Magellanic Cloud Ltd.,MCLOUD,NSE,Technology services
Munoth Communication Ltd.,MCLTD,BSE,Distribution services
MCON Rasayan India Ltd.,MCON,NSE,Non-energy minerals
Manoj Ceramic Ltd.,MCPL,BSE,Retail trade
Multi Commodity Exchange of India Limited,MCX,NSE,Finance
Marvel Decor Ltd.,MDL,NSE,Consumer durables
Modern Steels Ltd.,MDRNSTL,BSE,Non-energy minerals
Modern Engineering & Projects Limited,MEAPL,BSE,Finance
Global Health Limited,MEDANTA,NSE,Health services
Mediaone Global Entertainment Limited,MEDIAONE,BSE,Consumer services
Medi Assist Healthcare Services Limited,MEDIASSIST,NSE,Finance
Medicamen Biotech Limited,MEDICAMEQ,NSE,Health technology
Medi-Caps Ltd.,MEDICAPQ,BSE,Health technology
Medico Remedies Ltd.,MEDICO,NSE,Health technology
Medinova Diagnostic Services Limited,MEDINOV,BSE,Health services
Medicamen Organics Ltd.,MEDIORG,NSE,Health technology
Medistep Healthcare Limited,MEDISTEP,NSE,Consumer non-durables
MedPlus Health Services Ltd.,MEDPLUS,NSE,Retail trade
Meera Industries Ltd.,MEERA,BSE,Producer manufacturing
Mefcom Capital Markets Limited,MEFCOMCAP,BSE,Finance
Mega Corporation Limited,MEGACOR,BSE,Transportation
Mega Flex Plastics Limited,MEGAFLEX,NSE,Process industries
Megasoft Limited,MEGASOFT,NSE,Technology services
Megastar Foods Ltd.,MEGASTAR,NSE,Process industries
Megatherm Induction Limited,MEGATHERM,NSE,Producer manufacturing
Mega Fin (India) Ltd.,MEGFI,BSE,Finance
Megri Soft Ltd.,MEGRISOFT,BSE,Technology services
Mehai Technology Ltd.,MEHAI,BSE,Producer manufacturing
Mehta Integrated Finance Limited,MEHIF,BSE,Finance
Mehul Colours Ltd.,MEHUL,BSE,Process industries
Mangal Electrical Industries Limited,MEIL,NSE,Electronic technology
Mena Mani Industries Limited,MENAMANI,BSE,Distribution services
Menon Pistons Limited,MENNPIS,BSE,Producer manufacturing
Menon Bearings Limited,MENONBE,NSE,Producer manufacturing
MEP Infrastructure Developers Ltd.,MEP,NSE,Transportation
Mercantile Ventures Ltd,MERCANTILE,BSE,Finance
Mercury Trade Links Ltd.,MERCTRD,BSE,Distribution services
Mercury Ev-Tech Limited,MERCURYEV,BSE,Distribution services
Mercury Laboratories Ltd.,MERCURYLAB,BSE,Health technology
String metaverse limited,META,BSE,Process industries
Meta Infotech Ltd.,METAINFO,BSE,Technology services
Metal Coatings (India) Limited,METALCO,BSE,Non-energy minerals
Metro Brands Ltd.,METROBRAND,NSE,Retail trade
Metroglobal Ltd.,METROGLOBL,BSE,Distribution services
Metropolis Healthcare Ltd.,METROPOLIS,NSE,Health services
Maestros Electronics & Telecommunications Systems Ltd,METSL,BSE,Electronic technology
MFL India Limited,MFLINDIA,BSE,Transportation
Mahalaxmi Fabric Mills Limited,MFML,NSE,Process industries
MFS Intercorp Limited,MFSINTRCRP,BSE,Finance
Max Financial Services Limited,MFSL,NSE,Finance
Mangalam Global Enterprise Ltd.,MGEL,NSE,Process industries
Mahanagar Gas Ltd,MGL,NSE,Utilities
Mohini Health & Hygiene Ltd.,MHHL,NSE,Health technology
Mahalaxmi Rubtech Ltd,MHLXMIRU,NSE,Process industries
Mahindra Holidays & Resorts India Limited,MHRIL,NSE,Consumer services
Mahasagar Travels Limited,MHSGRMS,BSE,Consumer services
MIC Electronics Limited,MICEL,NSE,Health technology
Micropro Software Solutions Limited,MICROPRO,NSE,Technology services
Mid East Portfolio Management Limited,MIDEASTP,BSE,Finance
Mishra Dhatu Nigam Ltd.,MIDHANI,NSE,Non-energy minerals
Mid India Industries Limited,MIDINDIA,BSE,Process industries
Midwest Gold Limited,MIDWEST,BSE,Non-energy minerals
Manglam Infra & Engineering Ltd.,MIEL,NSE,Industrial services
Mihika Industries Ltd,MIHIKA,BSE,Process industries
Meghna Infracon Infrastructure Limited,MIIL,BSE,Finance
Medico Intercontinental Ltd.,MIL,BSE,Finance
Milestone Furniture Ltd.,MILEFUR,BSE,Consumer durables
Milestone Global Ltd.,MILESTONE,BSE,Producer manufacturing
Millennium Online Solutions (India) Limited,MILLENNIUM,BSE,Distribution services
Minal Industries Limited,MINALIND,BSE,Consumer durables
Minaxi Textiles Ltd,MINAXI,BSE,Process industries
Minda Corp. Ltd.,MINDACORP,NSE,Producer manufacturing
Mindpool Technologies Ltd,MINDPOOL,NSE,Commercial services
Mindteck (India) Limited,MINDTECK,NSE,Technology services
Mini Diamonds (India) Ltd.,MINID,BSE,Consumer durables
Minolta Finance Ltd.,MINOLTAF,BSE,Finance
MIRC Electronics Limited,MIRCELECTR,NSE,Electronic technology
Mirza International Limited,MIRZAINT,NSE,Consumer non-durables
Mish Designs Limited,MISHDESIGN,BSE,Retail trade
Mishka Exim Ltd,MISHKA,BSE,Distribution services
Mishtann Foods Ltd.,MISHTANN,BSE,Process industries
Misquita Engineering Ltd.,MISQUITA,BSE,Distribution services
MITCON Consultancy & Engineering Services Ltd.,MITCON,NSE,Commercial services
Mitshi India Ltd.,MITSHI,BSE,Process industries
Mitsu Chem Plast Ltd,MITSU,BSE,Producer manufacturing
Mittal Life Style Ltd.,MITTAL,NSE,Process industries
Miven Machine Tools Ltd,MIVENMACH,BSE,Producer manufacturing
Mizzen Ventures Ltd,MIZVEN,BSE,Industrial services
M.K. Exim (India) Limited,MKEXIM,BSE,Process industries
M K Proteins Limited,MKPL,NSE,Process industries
MKP Mobility Limited,MKPMOB,BSE,Finance
Deebam Market Creators Private Limited,MKTCREAT,BSE,Finance
MKVentures Capital Limited,MKVENTURES,BSE,Finance
Milkfood Ltd.,MLKFOOD,BSE,Consumer non-durables
Moving Media Entertainment Limited,MMEL,NSE,Finance
MM Forgings Limited,MMFL,NSE,Producer manufacturing
Money Masters Leasing & Finance Ltd.,MMLF,BSE,Finance
MMP Industries Ltd.,MMP,NSE,Non-energy minerals
MM Rubber Co. Ltd.,MMRUBBR_B,BSE,Process industries
MMTC Limited,MMTC,NSE,Distribution services
Media Matrix Worldwide Limited,MMWL,BSE,Technology services
Mega Nirman and Industries Ltd,MNIL,BSE,Finance
Manipal Finance Corp. Ltd.,MNPLFIN,BSE,Finance
One Mobikwik Systems Limited,MOBIKWIK,NSE,Commercial services
Modern Dairies Limited,MODAIRY,BSE,Consumer non-durables
Modi Naturals Limited,MODINATUR,BSE,Process industries
Modern Insulators Ltd.,MODINSU,BSE,Producer manufacturing
Modipon Limited,MODIPON,BSE,Finance
Modi Rubber Limited,MODIRUBBER,NSE,Consumer durables
Modi's Navnirman Ltd.,MODIS,BSE,Finance
Modison Limited,MODISONLTD,NSE,Industrial services
Modern Malleables Ltd.,MODMA,BSE,Producer manufacturing
Modern Shares & Stockbrokers Ltd.,MODRNSH,BSE,Finance
Modern Threads (India) Ltd,MODTHREAD,NSE,Process industries
Modulex Construction Technologies Ltd.,MODULEX,BSE,Electronic technology
Modella Woollens Ltd.,MODWOOL,BSE,Process industries
Mohite Industries Ltd.,MOHITE,BSE,Process industries
Mohit Industries Limited,MOHITIND,NSE,Process industries
Mohit Paper Mills Limited,MOHITPPR,BSE,Producer manufacturing
Moil Limited,MOIL,NSE,Non-energy minerals
Moksh Ornaments Ltd.,MOKSH,NSE,Consumer durables
Meghmani Organics Limited,MOL,NSE,Process industries
Mold-Tek Technologies Limited,MOLDTECH,NSE,Industrial services
Mold Tek Packaging Ltd,MOLDTKPAC,NSE,Producer manufacturing
Monarch Networth Capital Limited,MONARCH,NSE,Finance
MoneyBoxx Finance Ltd.,MONEYBOXX,BSE,Finance
Moongipa Capital Finance Limited,MONGIPA,BSE,Finance
Monika Alcobev Limited,MONIKA,BSE,Distribution services
Monolithisch India Limited,MONOLITH,NSE,Non-energy minerals
Mono Pharmacare Limited,MONOPHARMA,NSE,Distribution services
Monotype India Ltd.,MONOT,BSE,Finance
Monte Carlo Fashions Ltd.,MONTECARLO,NSE,Consumer non-durables
Morarjee Textiles Limited,MORARJEE,NSE,Process industries
Morarka Finance Limited,MORARKFI,BSE,Finance
Morepen Laboratories Limited,MOREPENLAB,NSE,Health technology
Morgan Ventures Limited,MORGAN,BSE,Finance
Morganite Crucible (India) Limited,MORGANITE,BSE,Producer manufacturing
MOS Utility Ltd.,MOS,NSE,Technology services
Moschip Technologies Ltd,MOSCHIP,NSE,Electronic technology
Samvardhana Motherson International Limited,MOTHERSON,NSE,Producer manufacturing
Motilal Oswal Financial Services Limited,MOTILALOFS,NSE,Technology services
Motisons Jewellers Ltd,MOTISONS,NSE,Retail trade
Motor & General Finance Ltd.,MOTOGENFIN,NSE,Finance
Moxsh Overseas Educon Limited,MOXSH,NSE,Technology services
MP Agro Industries Ltd.,MPAGI,BSE,Process industries
Mipco Seamless Rings (Gujarat) Ltd.,MPCOSEMB,BSE,Technology services
MPDL Ltd,MPDL,BSE,Industrial services
Mphasis Limited,MPHASIS,NSE,Technology services
MPIL Corporation Ltd.,MPILCORPL,BSE,Commercial services
MPL Plastics Ltd,MPL,BSE,Consumer durables
MPS Limited,MPSLTD,NSE,Consumer services
Madhya Pradesh Today Media Ltd.,MPTODAY,NSE,Consumer services
MRC Agrotech Limited,MRCAGRO,BSE,Distribution services
MRF Limited,MRF,NSE,Consumer durables
Mahendra Realtors & Infrastructure Limited,MRIL,NSE,Industrial services
MRP Agro Ltd.,MRP,BSE,Distribution services
Mangalore Refinery & Petrochemicals Ltd.,MRPL,NSE,Energy minerals
Mrugesh Trading Ltd.,MRUTR,BSE,Finance
Mardia Samyoung Capillary Tubes Co. Ltd.,MSCTC,BSE,Non-energy minerals
Monarch Surveyors and Engineering Consultants Limited,MSECL,BSE,Commercial services
Mangalam Seeds Ltd,MSL,BSE,Process industries
MSP Steel & Power Limited,MSPL,NSE,Non-energy minerals
MSR India Limited,MSRINDIA,BSE,Producer manufacturing
MSTC Ltd.,MSTCLTD,NSE,Retail trade
Motherson Sumi Wiring India Ltd,MSUMI,NSE,Producer manufacturing
MTAR Technologies Ltd.,MTARTECH,NSE,Electronic technology
MT Educare Ltd,MTEDUCARE,NSE,Consumer services
Mahanagar Telephone Nigam Limited,MTNL,NSE,Communications
Marg Techno Projects Ltd.,MTPL,BSE,Finance
Mudunuru Ltd.,MUDUNURU,BSE,Technology services
Mufin Green Finance Limited,MUFIN,NSE,Finance
Credo Brands Marketing Limited,MUFTI,NSE,Retail trade
Mukand Limited,MUKANDLTD,NSE,Non-energy minerals
Mukat Pipes Limited,MUKATPIP,BSE,Producer manufacturing
Mukesh Babu Financial Services Limited,MUKESHB,BSE,Finance
Mukka Proteins Limited,MUKKA,NSE,Consumer non-durables
Mukta Agriculture Ltd.,MUKTA,BSE,Process industries
Mukta Arts Limited,MUKTAARTS,NSE,Technology services
Mauria Udyog Limited,MUL,BSE,Producer manufacturing
Muller & Phipps (India) Ltd.,MULLER,BSE,Distribution services
Multibase India Limited,MULTIBASE,BSE,Process industries
Munoth Capital Market Limited,MUNCAPM,BSE,Finance
Munjal Auto Industries Limited,MUNJALAU,NSE,Producer manufacturing
Munjal Showa Limited,MUNJALSHOW,NSE,Producer manufacturing
Munoth Financial Services Limited,MUNOTHFI,BSE,Finance
Murae Organisor Limited,MURAE,BSE,Distribution services
Murudeshwar Ceramics Limited,MURUDCERA,NSE,Producer manufacturing
Muthoot Capital Services Ltd.,MUTHOOTCAP,NSE,Finance
Muthoot Finance Ltd,MUTHOOTFIN,NSE,Finance
Muthoot Microfin Ltd,MUTHOOTMF,NSE,Finance
Manoj Vaibhav Gems 'N' Jewellers Limited,MVGJL,NSE,Retail trade
M.V.K. Agro Food Product Ltd.,MVKAGRO,NSE,Process industries
Mangalam Worldwide Ltd.,MWL,NSE,Non-energy minerals
My Money Securities Ltd,MYMONEY,BSE,Finance
My Mudra Fincorp Ltd.,MYMUDRA,NSE,Finance
Mysore Petro Chemicals Limited,MYSORPETRO,BSE,Distribution services
Mystic Electronics Ltd.,MYSTICELE,BSE,Distribution services
Nacdac Infrastructure Ltd.,NACDAC,BSE,Consumer durables
NACL Industries Ltd,NACLIND,NSE,Process industries
Nagarjuna Fertilizers & Chemicals Ltd.,NAGAFERT,NSE,Process industries
Nagpur Power & Industries Ltd.,NAGPI,BSE,Electronic technology
Nagreeka Capital & Infrastructure Limited,NAGREEKCAP,NSE,Finance
Nagreeka Exports Ltd,NAGREEKEXP,NSE,Process industries
Nagarjuna Agri Tech Ltd.,NAGTECH,BSE,Process industries
Nahar Capital & Financial Services Ltd.,NAHARCAP,NSE,Finance
Nahar Industrial Enterprises Limited,NAHARINDUS,NSE,Process industries
Nahar Poly Films Limited,NAHARPOLY,NSE,Process industries
Nahar Spinning Mills Ltd,NAHARSPING,NSE,Process industries
Naksh Precious Metals Limited,NAKSH,BSE,Distribution services
Nam Securities Ltd.,NAM,BSE,Finance
Naman In-Store (India) Limited,NAMAN,NSE,Producer manufacturing
Namo eWaste Management Ltd.,NAMOEWASTE,NSE,Industrial services
Nippon Life India Asset Management Ltd.,NAM_INDIA,NSE,Finance
Naperol Investments Ltd,NAPEROL,BSE,Process industries
Naturite Agro Products Ltd,NAPL,BSE,Consumer non-durables
Naps Global India Ltd.,NAPSGLOBAL,BSE,Process industries
Narbada Gems & Jewellery Ltd.,NARBADA,BSE,Consumer durables
Narmada Agrobase Limited,NARMADA,NSE,Process industries
Narmada Macplast Drip Irrigation Systems Ltd,NARMP,BSE,Producer manufacturing
Narendra Properties Limited,NARPROP,BSE,Finance
Natural Capsules Limited,NATCAPSUQ,NSE,Health technology
NATCO Pharma Limited,NATCOPHARM,NSE,Health technology
National Fittings Limited,NATFIT,BSE,Producer manufacturing
National General Industries Ltd.,NATGENI,BSE,Non-energy minerals
Nath Bio-Genes (India) Ltd.,NATHBIOGEN,NSE,Process industries
Nath Industries Ltd.,NATHIND,BSE,Process industries
Natura Hue Chem Ltd.,NATHUEC,BSE,Transportation
National Aluminium Co. Ltd.,NATIONALUM,NSE,Non-energy minerals
National Standard (India) Ltd.,NATIONSTD,BSE,Finance
National Plastic Industries Limited,NATPLAS,BSE,Producer manufacturing
National Plastic Technologies Ltd.,NATPLASTI,BSE,Process industries
National Plywood Industries Ltd,NATPLY,BSE,Non-energy minerals
Natraj Proteins Limited,NATRAJPR,BSE,Process industries
Natural Biocon India Ltd.,NATURAL,BSE,Process industries
Naturo Indiabull Ltd.,NATURO,BSE,Distribution services
Info Edge India Ltd.,NAUKRI,NSE,Technology services
Nava Limited,NAVA,NSE,Utilities
Navigant Corporate Advisors Ltd.,NAVIGANT,BSE,Commercial services
Navin Fluorine International Limited,NAVINFLUOR,NSE,Process industries
Navkar Corporation Ltd,NAVKARCORP,NSE,Transportation
Navkar Urbanstructure Limited,NAVKARURB,NSE,Non-energy minerals
Navneet Education Limited,NAVNETEDUL,NSE,Producer manufacturing
Nazara Technologies Ltd.,NAZARA,NSE,Technology services
NBCC (INDIA) LIMITED,NBCC,NSE,Commercial services
NB Footwear Limited,NBFOOT,BSE,Consumer non-durables
N.B.I. Industrial Finance Company Ltd,NBIFIN,NSE,Finance
Naapbooks Limited,NBL,BSE,Technology services
NCC Limited,NCC,NSE,Consumer durables
NCC Bluewater Products Ltd.,NCCBLUE,BSE,Consumer non-durables
NCL Industries Ltd,NCLIND,NSE,Non-energy minerals
NCL Research & Financial Services Ltd.,NCLRESE,BSE,Finance
Nilachal Carbo Metalicks Limited,NCML,BSE,Non-energy minerals
NDA Securities Ltd.,NDASEC,BSE,Finance
Naga Dhunseri Group Ltd,NDGL,NSE,Finance
Nandan Denim Limited,NDL,NSE,Process industries
NDL Ventures Ltd,NDLVENTURE,NSE,Consumer services
N.D. Metal Industries Ltd.,NDMETAL,BSE,Producer manufacturing
NDR Auto Components Ltd.,NDRAUTO,NSE,Producer manufacturing
New Delhi Television Limited,NDTV,NSE,Consumer services
Neelamalai Agro Industries Limited,NEAGI,BSE,Consumer non-durables
North Eastern Carrying Corp. Ltd.,NECCLTD,NSE,Transportation
Nectar Lifesciences Ltd.,NECLIFE,NSE,Health technology
Neelam Linens and Garments (India) Limited,NEELAM,NSE,Consumer durables
Neelkanth Rockminerals Ltd.,NEELKAN,BSE,Non-energy minerals
Neeraj Paper Marketing Ltd.,NEERAJ,BSE,Distribution services
Neetu Yoshi Limited,NEETUYOSHI,BSE,Non-energy minerals
Neil Industries Ltd,NEIL,BSE,Finance
Nelcast Limited,NELCAST,NSE,Non-energy minerals
Nelco Limited,NELCO,NSE,Electronic technology
Neogen Chemicals Ltd.,NEOGEN,NSE,Process industries
Neo Infracon Ltd.,NEOINFRA,BSE,Finance
Nephro Care India Limited,NEPHROCARE,NSE,Health services
Neptune Petrochemicals Limited,NEPTUNE,NSE,Non-energy minerals
NESCO Limited,NESCO,NSE,Producer manufacturing
Nestle India Ltd.,NESTLEIND,NSE,Consumer non-durables
Netlink Solutions (India) Limited,NETLINK,BSE,Technology services
Nettlinx Limited,NETTLINX,BSE,Communications
Netweb Technologies India Limited,NETWEB,NSE,Electronic technology
Network18 Media & Investments Limited,NETWORK18,NSE,Consumer services
Neuland Laboratories Ltd.,NEULANDLAB,NSE,Health technology
Newgen Software Technologies Limited,NEWGEN,NSE,Technology services
Newtime Infrastructure Limited,NEWINFRA,BSE,Finance
Newjaisa Technologies Limited,NEWJAISA,NSE,Retail trade
New Light Apparels Ltd.,NEWLIGHT,BSE,Consumer non-durables
Nexome Capital Markets Limited,NEXOME,BSE,Finance
Next Mediaworks Limited,NEXTMEDIA,NSE,Consumer services
Nexus Surgical and Medicare Limited,NEXUSSURGL,BSE,Distribution services
Nexxus Petro Industries Limited,NEXXUS,BSE,Non-energy minerals
National Fertilizers Ltd.,NFL,NSE,Process industries
Nakoda Group of Industries Ltd.,NGIL,NSE,Consumer non-durables
NG Industries Ltd.,NGIND,BSE,Health services
NGL Fine-Chem Ltd.,NGLFINE,NSE,Health technology
Narayana Hrudayalaya Ltd.,NH,NSE,Health services
NHC Foods Limited,NHCFOODS,BSE,Distribution services
Naturewings Holidays Limited,NHL,BSE,Consumer services
NHPC Limited,NHPC,NSE,Utilities
New India Assurance Co. Ltd.,NIACL,NSE,Finance
Nibe Ltd.,NIBE,NSE,Process industries
NRB Industrial Bearings Ltd.,NIBL,NSE,Producer manufacturing
Nicco Parks & Resorts Ltd.,NICCOPAR,BSE,Consumer services
Nidan Laboratories and Healthcare Limited,NIDAN,NSE,Health services
Nidhi Granites Ltd.,NIDHGRN,BSE,Finance
Nihar Info Global Limited,NIHARINF,BSE,Technology services
NIIT Limited,NIITLTD,NSE,Commercial services
NIIT Learning Systems Ltd,NIITMTS,NSE,Commercial services
Nikhil Adhesives Limited,NIKHILAD,BSE,Process industries
Nikita Papers Limited,NIKITA,NSE,Process industries
Nikki Global Finance Limited,NIKKIGL,BSE,Finance
Niks Technology Limited,NIKSTECH,BSE,Technology services
Nilachal Refractories Ltd.,NILACHAL,BSE,Non-energy minerals
Nila Infrastructures Limited,NILAINFRA,NSE,Industrial services
Nila Spaces Ltd.,NILASPACES,NSE,Consumer durables
Nile Limited,NILE,BSE,Non-energy minerals
Nilkamal Limited,NILKAMAL,NSE,Consumer durables
Nimbus Projects Limited,NIMBSPROJ,BSE,Finance
NINtec Systems Ltd,NINSYS,NSE,Technology services
Indo National Limited,NIPPOBATRY,NSE,Producer manufacturing
Niraj Cement Structurals Limited,NIRAJ,NSE,Industrial services
Niraj Ispat Industries Ltd,NIRAJISPAT,NSE,Producer manufacturing
Nirav Commercials Limited,NIRAVCOM,BSE,Non-energy minerals
Nirlon Limited,NIRLON,BSE,Finance
Nirman Agri Genetics Ltd.,NIRMAN,NSE,Process industries
Nis Management Limited,NISMGMT,BSE,Commercial services
Nisus Finance Services Co. Ltd.,NISUS,BSE,Finance
Nitco Limited,NITCO,NSE,Producer manufacturing
Nitin Castings Ltd,NITINCAST,BSE,Non-energy minerals
Nitin Spinners Limited,NITINSPIN,NSE,Process industries
Nitiraj Engineers Ltd.,NITIRAJ,NSE,Electronic technology
Nitta Gelatin India Limited,NITTAGELA,BSE,Consumer non-durables
Niva Bupa Health Insurance Company Limited,NIVABUPA,NSE,Finance
Nivaka Fashions Ltd.,NIVAKA,BSE,Distribution services
Niyogin Fintech Ltd,NIYOGIN,BSE,Finance
N.K. Industries Ltd.,NKIND,NSE,Process industries
NLC India Limited,NLCINDIA,NSE,Utilities
Nalin Lease Finance Limited,NLFL,BSE,Finance
NMDC Limited,NMDC,NSE,Non-energy minerals
NMS Global Ltd,NMSRESRC,BSE,Distribution services
Newmalayalam Steel Limited,NMSTEEL,NSE,Non-energy minerals
N2N Technologies Ltd.,NNTL,BSE,Technology services
NOCIL Limited,NOCIL,NSE,Process industries
Neogem India Limited,NOGMIND,BSE,Consumer durables
Noida Toll Bridge Co. Ltd.,NOIDATOLL,NSE,Commercial services
National Oxygen Limited,NOL,BSE,Process industries
Norben Tea & Exports Ltd.,NORBTEAEXP,NSE,Consumer non-durables
Norris Medicines Ltd.,NORRIS,BSE,Health technology
Northern Arc Capital Ltd.,NORTHARC,NSE,Finance
Northlink Fiscal and Capital Services Ltd,NORTHLINK,BSE,Commercial services
Nouveau Global Ventures Limited,NOUVEAU,BSE,Finance
Nova Agritech Limited,NOVAAGRI,NSE,Process industries
Novateor Research Laboratories Ltd.,NOVATEOR,BSE,Health technology
Novelix Pharmaceuticals Ltd,NOVELIX,BSE,Health technology
Nova Iron & Steel Ltd.,NOVIS,BSE,Non-energy minerals
Neopolitan Pizza and Foods Limited,NPFL,BSE,Distribution services
NPL Chemicals Limited,NPL,BSE,Process industries
NPR Finance Ltd.,NPRFIN,BSE,Finance
Network People Services Technologies Limited,NPST,NSE,Technology services
NR Agarwal Industries Ltd.,NRAIL,NSE,Process industries
NRB Bearings Ltd.,NRBBEARING,NSE,Producer manufacturing
Nupur Recyclers Limited,NRL,NSE,Non-energy minerals
N R Vandana Tex Industries Limited,NRVANDANA,NSE,Consumer non-durables
National Securities Depository Limited,NSDL,BSE,Finance
Nalwa Sons Investments Limited,NSIL,NSE,Finance
Northern Spirits Ltd.,NSL,BSE,Consumer non-durables
NMDC Steel Limited,NSLNISP,NSE,Non-energy minerals
NTC Industries Limited,NTCIND,BSE,Consumer non-durables
NTPC Limited,NTPC,NSE,Utilities
NTPC Green Energy Limited,NTPCGREEN,NSE,Utilities
Nucleus Software Exports Limited,NUCLEUS,NSE,Technology services
Nukleus Office Solutions Ltd.,NUKLEUS,BSE,Finance
Nureca Ltd.,NURECA,NSE,Health technology
Nutech Global Limited,NUTECGLOB,BSE,Process industries
NutriCircle Limited,NUTRICIRCLE,BSE,Health technology
Nuvama Wealth Management Limited,NUVAMA,NSE,Finance
Nuvoco Vistas Corporation Limited,NUVOCO,NSE,Non-energy minerals
Nanavati Ventures Limited,NVENTURES,BSE,Distribution services
FSN E-Commerce Ventures Ltd.,NYKAA,NSE,Retail trade
Nyssa Corp. Ltd.,NYSSACORP,BSE,Consumer durables
Oriental Aromatics Ltd.,OAL,NSE,Process industries
Oasis Securities Limited,OASISEC,BSE,Finance
Orissa Bengal Carrier Ltd.,OBCL,NSE,Transportation
Oberoi Realty Limited,OBEROIRLTY,NSE,Finance
OBSC Perfection Ltd.,OBSCP,NSE,Producer manufacturing
OCCL Limited,OCCLLTD,NSE,Process industries
Oceanic Foods Ltd.,OCEANIC,BSE,Consumer non-durables
Octal Credit Capital Ltd,OCTAL,BSE,Finance
Perfect-Octave Media Projects Limited,OCTAVE,BSE,Consumer services
Octavius Plantations Ltd,OCTAVIUSPL,BSE,Process industries
Odigma Consultancy Solutions Limited,ODIGMA,NSE,Technology services
Odyssey Corporation Limited,ODYCORP,BSE,Consumer services
Odyssey Technologies Limited,ODYSSEY,BSE,Technology services
Oracle Financial Services Software Limited,OFSS,NSE,Technology services
Oil India Limited,OIL,NSE,Energy minerals
Oil Country Tubular Limited,OILCOUNTUB,NSE,Industrial services
Onesource Industries & Ventures Ltd,OIVL,BSE,Finance
OK Play India Ltd.,OKPLA,BSE,Consumer durables
Ola Electric Mobility Limited,OLAELEC,NSE,Consumer durables
Olatech Solutions Ltd.,OLATECH,BSE,Technology services
Olectra Greentech Limited,OLECTRA,NSE,Consumer durables
Oneclick Logistics India Limited,OLIL,NSE,Transportation
Olympic Cards Limited,OLPCL,BSE,Consumer non-durables
Olympia Industries Ltd.,OLYMPTX,BSE,Process industries
Olympic Oil Industries Ltd.,OLYOI,BSE,Distribution services
Omansh Enterprises Ltd,OMANSH,BSE,Distribution services
Omax Autos Limited,OMAXAUTO,NSE,Producer manufacturing
Omaxe Limited,OMAXE,NSE,Finance
Omega Ag-Seeds (Punjab) Ltd.,OMEAG,BSE,Process industries
Omega Interactive Technologies Limited,OMEGAIN,BSE,Technology services
Omfurn India Ltd.,OMFURN,NSE,Producer manufacturing
Om Infra Limited,OMINFRAL,NSE,Industrial services
Omkar Overseas Limited,OMKAR,BSE,Process industries
Omkar Speciality Chemicals Limited,OMKARCHEM,NSE,Process industries
Omkar Pharmachem Ltd.,OMKARPH,BSE,Process industries
Omni Ax's Software Ltd.,OMNIAX,BSE,Technology services
Omnipotent Industries Ltd.,OMNIPOTENT,BSE,Non-energy minerals
Omnitex Industries (India) Limited,OMNITEX,BSE,Process industries
On Door Concepts Limited,ONDOOR,NSE,Retail trade
One Global Service Provider Ltd.,ONEGLOBAL,BSE,Commercial services
Onelife Capital Advisors Limited,ONELIFECAP,NSE,Finance
One Point One Solutions Ltd.,ONEPOINT,NSE,Commercial services
OneSource Specialty Pharma Limited,ONESOURCE,NSE,Health technology
Oil & Natural Gas Corp. Ltd.,ONGC,NSE,Energy minerals
Onix Solar Energy Ltd.,ONIXSOLAR,BSE,Producer manufacturing
OnMobile Global Limited,ONMOBILE,NSE,Communications
Ontic Finserve Ltd.,ONTIC,BSE,Finance
Onward Technologies Limited,ONWARDTEC,NSE,Technology services
Onyx Biotec Ltd.,ONYX,NSE,Health technology
ObjectOne Information Systems Ltd.,OONE,BSE,Technology services
Optiemus Infracom Limited,OPTIEMUS,NSE,Distribution services
Optimus Finance Ltd,OPTIFIN,BSE,Distribution services
Optivalue Tek Consulting Limited,OPTIVALUE,NSE,Technology services
Orbit Exports Ltd,ORBTEXP,NSE,Process industries
Orchasp Ltd,ORCHASP,NSE,Technology services
Orchid Pharma Limited,ORCHPHARMA,NSE,Health technology
Organic Recycling Systems Limited,ORGANICREC,BSE,Industrial services
Organic Coatings Limited,ORGCOAT,BSE,Process industries
Oriana Power Limited,ORIANA,NSE,Industrial services
Orient Beverages Ltd.,ORIBEVER,BSE,Consumer non-durables
Oricon Enterprises Limited,ORICONENT,NSE,Producer manufacturing
Oriental Trimex Limited,ORIENTALTL,NSE,Non-energy minerals
Orient Bell Limited,ORIENTBELL,NSE,Producer manufacturing
Orient Cement Ltd.,ORIENTCEM,NSE,Non-energy minerals
Orient Ceratech Ltd,ORIENTCER,NSE,Non-energy minerals
Orient Electric Ltd.,ORIENTELEC,NSE,Consumer durables
Oriental Hotels Limited,ORIENTHOT,NSE,Consumer services
Orient Press Limited,ORIENTLTD,NSE,Process industries
Orient Paper & Industries Ltd.,ORIENTPPR,NSE,Process industries
Orient Technologies Limited,ORIENTTECH,NSE,Technology services
Orient Tradelink Ltd.,ORIENTTR,BSE,Consumer services
Oriental Rail Infrastructure Ltd.,ORIRAIL,BSE,Producer manufacturing
Orissa Minerals Development Company Limited,ORISSAMINE,NSE,Non-energy minerals
Orosil Smiths India Limited,OROSMITHS,BSE,Consumer durables
Ortel Communications Limited,ORTEL,NSE,Consumer services
Ortin Global Ltd,ORTINGLOBE,NSE,Health technology
Oscar Global Limited.,OSCARGLO,BSE,Process industries
Osel Devices Limited,OSELDEVICE,NSE,Health technology
Osia Hyper Retail Limited,OSIAHYPER,NSE,Retail trade
Osiajee Texfab Ltd.,OSIAJEE,BSE,Process industries
Oswal Agro Mills Ltd.,OSWALAGRO,NSE,Finance
Oswal Greentech Ltd.,OSWALGREEN,NSE,Finance
Oswal Overseas Ltd.,OSWALOR,BSE,Process industries
Oswal Pumps Limited,OSWALPUMPS,NSE,Producer manufacturing
ShreeOswal Seeds & Chemicals Ltd.,OSWALSEEDS,NSE,Process industries
Oswal Yarns Ltd,OSWAYRN,BSE,Process industries
OTCO International Ltd.,OTCO,BSE,Technology services
Oval Projects Engineering Limited,OVAL,BSE,Industrial services
Ovobel Foods Ltd,OVOBELE,BSE,Consumer non-durables
Owais Metal & Mineral Processing Ltd.,OWAIS,NSE,Process industries
Oxford Industries Limited,OXFORDIN,BSE,Consumer non-durables
Oxygenta Pharmaceutical Limited,OXYGENTAPH,BSE,Health technology
Pace E-Commerce Ventures Ltd.,PACE,BSE,Retail trade
Pacific Industries Ltd.,PACIFICI,BSE,Non-energy minerals
Padmanabh Alloys & Polymers Ltd,PADALPO,BSE,Process industries
Padam Cotton Yarns Ltd.,PADAMCO,BSE,Commercial services
Padmanabh Industries Limited,PADMAIND,BSE,Distribution services
Padmalaya Telefilms Limited,PADMALAYAT,BSE,Consumer services
Page Industries Limited,PAGEIND,NSE,Consumer non-durables
Paisalo Digital Ltd.,PAISALO,NSE,Finance
Pakka Ltd,PAKKA,NSE,Process industries
Palash Securities Ltd.,PALASHSECU,NSE,Consumer non-durables
Palco Metals Ltd,PALCO,BSE,Distribution services
Palm Jewels Ltd.,PALMJEWELS,BSE,Consumer durables
Palred Technologies Limited,PALREDTEC,NSE,Distribution services
Panabyte Technologies Ltd,PANABYTE,BSE,Process industries
Panacea Biotec Limited,PANACEABIO,NSE,Health technology
Panache Digilife Ltd.,PANACHE,NSE,Electronic technology
Panasonic Energy India Co. Ltd.,PANAENERG,BSE,Producer manufacturing
Panafic Industrials Ltd,PANAFIC,BSE,Finance
Panama Petrochem Limited,PANAMAPET,NSE,Process industries
Panasonic Carbon India Co. Limited,PANCARBON,BSE,Producer manufacturing
Panchmahal Steel Ltd,PANCHMAHQ,BSE,Non-energy minerals
Panchsheel Organics Limited,PANCHSHEEL,BSE,Health technology
Panyam Cements & Mineral Industries Ltd.,PANCM,BSE,Non-energy minerals
Pan Electronics (India) Limited,PANELEC,BSE,Electronic technology
Panther Industrial Products Ltd,PANIDPR,BSE,Distribution services
Pan India Corporation Ltd,PANINDIAC,BSE,Finance
Panjon Ltd,PANJON,BSE,Health technology
Pankaj Polymers Limited,PANKAJPO,BSE,Producer manufacturing
Panorama Studios International Ltd,PANORAMA,BSE,Retail trade
Pansari Developers Ltd.,PANSARI,NSE,Technology services
Panth Infinity Limited,PANTH,BSE,Distribution services
PAOS Industries Limited,PAOS,BSE,Consumer non-durables
Par Drugs and Chemicals Limited,PAR,NSE,Process industries
Paramount Communications Limited,PARACABLES,NSE,Producer manufacturing
Paradeep Phosphates Ltd.,PARADEEP,NSE,Process industries
Parag Milk Foods Ltd.,PARAGMILK,NSE,Consumer non-durables
Paragon Fine And Speciality Chemical Limited,PARAGON,NSE,Process industries
Paragon Finance Ltd,PARAGONF,BSE,Finance
Paramatrix Technologies Ltd.,PARAMATRIX,NSE,Technology services
Paramount Dye Tec Limited,PARAMOUNT,NSE,Process industries
Paras Defence & Space Technologies Ltd.,PARAS,NSE,Electronic technology
Paras Petrofils Limited,PARASPETRO,NSE,Process industries
Parin Enterprises Limited,PARIN,NSE,Consumer durables
Parker Agrochem Exports Ltd.,PARKERAC,BSE,Distribution services
Apeejay Surrendra Park Hotels Ltd.,PARKHOTELS,NSE,Consumer services
Parle Industries Limited,PARLEIND,BSE,Industrial services
Parmax Pharma Ltd.,PARMAX,BSE,Health technology
PARAMOUNT COSMETICS (India) Ltd.,PARMCOS_B,BSE,Consumer non-durables
Parmeshwar Metal Limited,PARMESHWAR,BSE,Non-energy minerals
Parmeshwari Silk Mills Ltd.,PARMSILK,BSE,Process industries
Parnax Lab Limited,PARNAXLAB,BSE,Health technology
Parshva Enterprises Limited,PARSHVA,BSE,Distribution services
Parshwanath Corporation Limited,PARSHWANA,BSE,Consumer durables
Parsvnath Developers Limited,PARSVNATH,NSE,Finance
Parth Electricals & Engineering Limited,PARTH,NSE,Producer manufacturing
Party Cruisers Limited,PARTYCRUS,NSE,Consumer services
Parvati Sweetners & Power Ltd.,PARVATI,BSE,Process industries
Pasari Spinning Mills Limited,PASARI,BSE,Process industries
Pashupati Cotspin Ltd.,PASHUPATI,NSE,Process industries
Pasupati Fincap Limited,PASUFIN,BSE,Finance
Pasupati Acrylon Limited,PASUPTAC,NSE,Process industries
Pasupati Spinning and Weaving Mills Limited,PASUSPG,BSE,Process industries
Patanjali Foods Limited,PATANJALI,NSE,Process industries
Patel Chem Specialities Limited,PATELCHEM,BSE,Process industries
Patel Engineering Limited,PATELENG,NSE,Industrial services
Patel Retail Limited,PATELRMART,NSE,Retail trade
Patels Airtemp India Ltd.,PATELSAI,BSE,Producer manufacturing
Patidar Buildcon Ltd.,PATIDAR,BSE,Health technology
Patil Automation Ltd.,PATILAUTOM,NSE,Producer manufacturing
Patel Integrated Logistics Ltd.,PATINTLOG,NSE,Transportation
Patron Exim Ltd.,PATRON,BSE,Distribution services
Patspin India Ltd,PATSPINLTD,BSE,Process industries
Pattech Fitwell Tube Components Ltd.,PATTECH,NSE,Producer manufacturing
Paushak Limited,PAUSHAKLTD,BSE,Process industries
Pavna Industries Limited,PAVNAIND,NSE,Producer manufacturing
One 97 Communications Ltd.,PAYTM,NSE,Finance
PBA Infrastructure Limited,PBAINFRA,BSE,Industrial services
PBM Polytex Ltd.,PBMPOLY,BSE,Process industries
PCBL Chemical Limited,PCBL,NSE,Process industries
Petro Carbon & Chemicals Ltd,PCCL,NSE,Process industries
PEE Cee Cosma Sope Limited,PCCOSMA,BSE,Consumer non-durables
PC Jeweller Ltd.,PCJEWELLER,NSE,Consumer durables
Prospect Consumer Products Ltd,PCL,BSE,Process industries
PCS Technology Limited,PCS,BSE,Technology services
Pudumjee Paper Products Ltd.,PDMJEPAPER,NSE,Process industries
PDS Limited,PDSL,NSE,Consumer non-durables
Pearl Polymers Limited,PEARLPOLY,NSE,Process industries
Pecos Hotels And Pubs Ltd,PECOS,BSE,Consumer services
Peeti Securities Limited,PEETISEC,BSE,Process industries
Premier Energy & Infrastructure Ltd.,PEIL,BSE,Commercial services
Piramal Enterprises Ltd.,PEL,NSE,Finance
Pelatro Limited,PELATRO,NSE,Technology services
Pennar Industries Limited,PENIND,NSE,Non-energy minerals
Peninsula Land Limited,PENINLAND,NSE,Finance
Pentagon Rubber Limited,PENTAGON,NSE,Producer manufacturing
Peoples Investments Ltd.,PEOPLIN,BSE,Finance
Perfectpac Limited,PERFEPA,BSE,Process industries
Permanent Magnets Limited,PERMAGN,BSE,Producer manufacturing
Persistent Systems Limited,PERSISTENT,NSE,Technology services
Pune E-Stock Broking Limited,PESB,BSE,Finance
Petronet Lng Limited,PETRONET,NSE,Utilities
Power Finance Corporation Limited,PFC,NSE,Finance
PFIZER LIMITED,PFIZER,NSE,Health technology
Popular Foundations Limited,PFL,BSE,Industrial services
PFL Infotech Limited,PFLINFOTC,BSE,Finance
Prime Focus Limited,PFOCUS,NSE,Consumer services
PTC India Financial Services Limited,PFS,NSE,Finance
Pearl Green Clubs And Resorts Limited,PGCRL,BSE,Consumer services
PG Electroplast Limited,PGEL,NSE,Electronic technology
PG Foils Ltd.,PGFOILQ,BSE,Process industries
Procter & Gamble Hygiene & Health Care Ltd.,PGHH,NSE,Consumer non-durables
Procter & Gamble Health Ltd.,PGHL,NSE,Health technology
Pearl Global Industries Limited,PGIL,NSE,Consumer non-durables
Phantom Digital Effects Ltd.,PHANTOMFX,NSE,Consumer services
Pharmaids Pharmaceuticals Ltd.,PHARMAID,BSE,Health technology
PH Capital Ltd.,PHCAP,BSE,Finance
Phoenix Mills Ltd.,PHOENIXLTD,NSE,Finance
Phoenix Township Ltd.,PHOENIXTN,BSE,Consumer services
Phoenix International Limited,PHOENXINTL,BSE,Finance
Phoenix Overseas Limited,PHOGLOBAL,NSE,Consumer non-durables
Phosphate Co. Ltd.,PHOSPHATE,BSE,Process industries
Photon Capital Advisors Ltd.,PHOTON,BSE,Finance
Photoquip India Ltd.,PHOTOQUP,BSE,Consumer durables
Phaarmasia Ltd.,PHRMASI,BSE,Health technology
Phyto Chem (India) Ltd.,PHYTO,BSE,Process industries
Piccadily Agro Industries Limited,PICCADIL,NSE,Process industries
Piccadily Sugar & Allied Industries Ltd.,PICCASUG,BSE,Process industries
Picturehouse Media Limited,PICTUREHS,BSE,Consumer services
Pidilite Industries Limited,PIDILITIND,NSE,Process industries
Pacheli Industrial Finance Limited,PIFL,BSE,Finance
Power & Instrumentation (Gujarat) Ltd.,PIGL,NSE,Industrial services
PI Industries Limited,PIIND,NSE,Process industries
Pilani Investment And Industries Corporation Limited,PILANIINVS,NSE,Finance
PIL Italica Lifestyle Limited,PILITA,NSE,Producer manufacturing
Pioneer Embroideries Limited,PIONEEREMB,NSE,Consumer non-durables
Pioneer Investcorp Limited,PIONRINV,BSE,Finance
Piotex Industries Limited,PIOTEX,BSE,Process industries
Pitti Engineering Ltd.,PITTIENG,NSE,Producer manufacturing
PIX Transmissions Ltd,PIXTRANS,NSE,Producer manufacturing
Patdiam Jewellery Ltd.,PJL,BSE,Consumer durables
Peria Karamalai Tea & Produce Co. Ltd.,PKTEA,NSE,Process industries
Plada Infotech Services Limited,PLADAINFO,NSE,Commercial services
Plastiblends India Limited,PLASTIBLEN,NSE,Process industries
Platinum Industries Limited,PLATIND,NSE,Process industries
Plaza Wires Limited,PLAZACABLE,NSE,Producer manufacturing
PMC Fincorp Limited,PMCFIN,BSE,Finance
Paul Merchants Ltd.,PML,BSE,Commercial services
P.M. Telelinnks Ltd.,PMTELELIN,BSE,Distribution services
Punjab National Bank,PNB,NSE,Finance
PNB Gilts Limited,PNBGILTS,NSE,Finance
PNB Housing Finance Limited,PNBHOUSING,NSE,Finance
Pritish Nandy Communications Limited,PNC,NSE,Consumer services
PNC Infratech Ltd,PNCINFRA,NSE,Industrial services
P N Gadgil Jewellers Limited,PNGJL,NSE,Retail trade
Pentokey Organy (India) Limited,PNTKYOR,BSE,Process industries
Platinumone Business Services Limited,POBS,BSE,Commercial services
Pondy Oxides & Chemicals Ltd.,POCL,NSE,Non-energy minerals
Poddar Pigments Limited,PODDARMENT,NSE,Process industries
POCL Enterprises Ltd,POEL,BSE,Process industries
Pokarna Limited,POKARNA,NSE,Producer manufacturing
PB Fintech Limited,POLICYBZR,NSE,Technology services
Polo Hotels Limited,POLOHOT,BSE,Consumer services
Polson Ltd.,POLSON,BSE,Process industries
Polycab India Ltd.,POLYCAB,NSE,Producer manufacturing
Polychem Limited,POLYCHEM,BSE,Process industries
Polymechplast Machines Limited,POLYCHMP,BSE,Producer manufacturing
POLYCON International Ltd.,POLYCON,BSE,Producer manufacturing
Polylink Polymers (India) Limited,POLYLINK,BSE,Process industries
Polymac Thermoformers Ltd.,POLYMAC,BSE,Process industries
Poly Medicure Limited,POLYMED,NSE,Health technology
Polyplex Corporation Limited,POLYPLEX,NSE,Process industries
Polysil Irrigation Systems Ltd.,POLYSIL,NSE,Producer manufacturing
Polyspin Exports Limited,POLYSPIN,BSE,Process industries
Polytex India Ltd,POLYTEX,BSE,Finance
Ponni Sugars (Erode) Ltd.,PONNIERODE,NSE,Process industries
Poojawestern Metaliks Ltd.,POOJA,BSE,Producer manufacturing
Vashu Bhagnani Industries Limited,POOJAENT,BSE,Consumer services
Poona Dal & Oil Industries Ltd.,POONADAL,BSE,Process industries
Poonawalla Fincorp Limited,POONAWALLA,NSE,Finance
Popees Cares Limited,POPEES,BSE,Technology services
Popular Estate Management Limited,POPULARES,BSE,Consumer durables
Porwal Auto Components Ltd,PORWAL,BSE,Producer manufacturing
Positron Energy Limited,POSITRON,NSE,Utilities
Power Grid Corporation of India Limited,POWERGRID,NSE,Utilities
Hitachi Energy India Limited,POWERINDIA,NSE,Electronic technology
Power Mech Projects Ltd.,POWERMECH,NSE,Industrial services
PPAP Automotive Limited,PPAP,NSE,Producer manufacturing
Paradeep Parivahan Ltd.,PPARIVAH,BSE,Transportation
Prakash Pipes Limited,PPL,NSE,Producer manufacturing
Piramal Pharma Limited,PPLPHARMA,NSE,Health technology
Picturepost Studios Limited,PPSL,NSE,Consumer services
Polo Queen Industrial and Fintech Ltd,PQIF,BSE,Retail trade
Prabha Energy Limited,PRABHA,NSE,Energy minerals
Prabhhans Industries Limited,PRABHHANS,BSE,Process industries
Pradhin Limited,PRADHIN,BSE,Distribution services
Pradeep Metals Limited,PRADPME,BSE,Producer manufacturing
Prajay Engineers Syndicate Ltd,PRAENG,NSE,Consumer durables
Prag Bosimi Synthetics Ltd,PRAGBOS,BSE,Process industries
PRAJ Industries Limited,PRAJIND,NSE,Industrial services
Prakash Industries Limited,PRAKASH,NSE,Non-energy minerals
Prakash Steelage Limited,PRAKASHSTL,NSE,Non-energy minerals
Pramara Promotions Ltd.,PRAMARA,NSE,Consumer durables
Pranik Logistics Limited,PRANIK,NSE,Transportation
Pratham EPC Projects Ltd.,PRATHAM,NSE,Industrial services
Pratik Panels Limited,PRATIK,BSE,Producer manufacturing
Pratiksha Chemicals Limited,PRATIKSH,BSE,Process industries
Praveg Limited,PRAVEG,BSE,Health technology
Praxis Home Retail Ltd.,PRAXIS,NSE,Retail trade
Precision Camshafts Ltd.,PRECAM,NSE,Producer manufacturing
Precision Electronics Limited,PRECISIO,BSE,Electronic technology
Precision Metaliks Ltd.,PRECISION,NSE,Non-energy minerals
Precot Ltd.,PRECOT,NSE,Process industries
Precision Wires India Limited,PRECWIRE,NSE,Producer manufacturing
Premier Capital Services Limited,PREMCAP,BSE,Commercial services
Premium Capital Market & Investments Ltd.,PREMCAPM,BSE,Finance
Premco Global Limited,PREMCO,BSE,Process industries
Premier Explosives Limited,PREMEXPLN,NSE,Process industries
Premier Limited,PREMIER,NSE,Producer manufacturing
Premier Energies Limited,PREMIERENE,NSE,Electronic technology
Premier Polyfilm Limited,PREMIERPOL,NSE,Non-energy minerals
Premium Plast Limited,PREMIUM,NSE,Producer manufacturing
Premier Synthetics Limited,PREMSYN,BSE,Process industries
Prerna Infrabuild Limited,PRERINFRA,BSE,Consumer durables
Presstonic Engineering Limited,PRESSTONIC,NSE,Producer manufacturing
Pressure Sensitive Systems (India) Limited,PRESSURS,BSE,Finance
Prestige Estates Projects Limited,PRESTIGE,NSE,Finance
Prevest Denpro Ltd.,PREVEST,BSE,Health technology
Pricol Ltd.,PRICOLLTD,NSE,Producer manufacturing
Prima Agro Ltd.,PRIMAGR,BSE,Process industries
Prima Industries Ltd.,PRIMAIN,BSE,Consumer non-durables
Prima Plastics Limited,PRIMAPLA,BSE,Consumer durables
Prime Capital Market Ltd.,PRIMECAPM,BSE,Finance
Prime Fresh Ltd.,PRIMEFRESH,BSE,Transportation
Prime Property Development Corporation Limited,PRIMEPRO,BSE,Finance
Prime Securities Limited,PRIMESECU,NSE,Finance
Prime Urban Development India Limited,PRIMEURB,BSE,Finance
Prime Industries Limited,PRIMIND,BSE,Finance
Primo Chemicals Limited,PRIMO,NSE,Process industries
Prince Pipes And Fittings Ltd,PRINCEPIPE,NSE,Producer manufacturing
Prism Finance Ltd.,PRISMFN,BSE,Finance
Prism Medico & Pharmacy Ltd.,PRISMMEDI,BSE,Finance
Prismx Global Ventures Ltd.,PRISMX,BSE,Commercial services
Prithvi Exchange (India) Ltd,PRITHVIEXCH,BSE,Finance
Priti International Ltd.,PRITI,NSE,Consumer durables
Pritika Engineering Components Ltd.,PRITIKA,NSE,Producer manufacturing
Pritika Auto Industries Ltd,PRITIKAUTO,NSE,Producer manufacturing
Privi Speciality Chemicals Limited,PRIVISCL,NSE,Process industries
Priya Limited,PRIYALT,BSE,Distribution services
Prizor Viztech Ltd.,PRIZOR,NSE,Distribution services
Premier Roadlines Ltd.,PRLIND,NSE,Transportation
Procal Electronics India Limited,PROCAL,BSE,Electronic technology
Pro CLB Global Limited,PROCLB,BSE,Commercial services
Pro Fin Capital Services Ltd,PROFINC,BSE,Finance
Pro Fx Tech Ltd.,PROFX,NSE,Distribution services
Prolife Industries Ltd.,PROLIFE,NSE,Process industries
Promact Impex Ltd,PROMACT,BSE,Process industries
Promax Power Limited,PROMAX,BSE,Commercial services
P.E. Analytics Limited,PROPEQUITY,NSE,Technology services
Prostarm Info Systems Limited,PROSTARM,NSE,Producer manufacturing
Protean eGov Technologies Limited,PROTEAN,NSE,Technology services
Proventus Agrocom Ltd.,PROV,NSE,Distribution services
Prozone Realty Ltd,PROZONER,NSE,Finance
Prism Johnson Limited,PRSMJOHNSN,NSE,Non-energy minerals
Prashant India Ltd,PRSNTIN,BSE,Process industries
Prudent Corporate Advisory Services Limited,PRUDENT,NSE,Finance
Prudential Sugar Corp. Ltd.,PRUDMOULI,NSE,Process industries
Punjab & Sind Bank Ltd.,PSB,NSE,Finance
Paramount Speciality Forgings Limited,PSFL,NSE,Producer manufacturing
PS IT Infrastructure & Services Limited,PSITINFRA,BSE,Finance
Pdp Shipping & Projects Limited,PSPL,BSE,Transportation
PSP Projects Ltd,PSPPROJECT,NSE,Industrial services
P S Raj Steels Ltd.,PSRAJ,NSE,Non-energy minerals
PTC India Limited,PTC,NSE,Utilities
PTC Industries Ltd,PTCIL,NSE,Producer manufacturing
PTL Enterprises Limited,PTL,NSE,Finance
Pulsar International Ltd,PULSRIN,BSE,Finance
Pulz Electronics Ltd.,PULZ,NSE,Consumer durables
Punjab Chemicals & Crop Protection Ltd.,PUNJABCHEM,NSE,Process industries
Punjab Communications Limited,PUNJCOMMU,BSE,Electronic technology
Puretrop Fruits Ltd,PURETROP,BSE,Distribution services
Purohit Construction Ltd,PUROHITCON,BSE,Consumer durables
Purple Entertainment Ltd.,PURPLE,BSE,Consumer services
Purple Finance Limited,PURPLEFIN,BSE,Finance
Purple United Sales Ltd.,PURPLEUTED,NSE,Consumer non-durables
Purshottam Investofin Ltd,PURSHOTTAM,BSE,Finance
Puravankara Limited,PURVA,NSE,Finance
Purv Flexipack Ltd,PURVFLEXI,NSE,Distribution services
Pushpa Jewellers Limited,PUSHPA,NSE,Consumer durables
PVP Ventures Limited,PVP,NSE,Technology services
PVR Inox Limited,PVRINOX,NSE,Consumer services
Popular Vehicles and Services Limited,PVSL,NSE,Retail trade
PVV Infra Limited,PVVINFRA,BSE,Industrial services
Prakash Woollen & Synthetic Mills Ltd,PWASML,BSE,Process industries
Pyramid Technoplast Ltd.,PYRAMID,NSE,Producer manufacturing
Quality Foils (India) Limited,QFIL,NSE,Non-energy minerals
Qgo Finance Ltd.,QGO,BSE,Finance
Qualitek Labs Ltd.,QLL,BSE,Commercial services
QMS Medical Allied Services Limited,QMSMEDI,NSE,Distribution services
Quality Power Electrical Equipments Ltd.,QPOWER,NSE,Producer manufacturing
Quadrant Future Tek Limited,QUADFUTURE,NSE,Producer manufacturing
Quadpro ITeS Ltd.,QUADPRO,NSE,Commercial services
Quadrant Televentures Limited,QUADRANT,BSE,Communications
Quantum Digital Vision (India) Ltd.,QUANTDIA,BSE,Process industries
Quasar India Ltd,QUASAR,BSE,Distribution services
Quess Corp. Ltd.,QUESS,NSE,Commercial services
Quest Capital Markets Limited,QUESTCAP,BSE,Finance
Quest Flow Controls Ltd,QUESTFLOW,BSE,Producer manufacturing
Quest Laboratories Ltd.,QUESTLAB,NSE,Health technology
Quick Heal Technologies Ltd.,QUICKHEAL,NSE,Technology services
Quicktouch Technologies Limited,QUICKTOUCH,NSE,Technology services
Quint Digital Ltd,QUINT,BSE,Producer manufacturing
Quintegra Solutions Limited,QUINTEGRA,NSE,Technology services
QVC Exports Limited,QVCEL,NSE,Distribution services
Raaj Medisafe India Ltd.,RAAJMEDI,BSE,Health technology
Race Eco Chain Ltd.,RACE,NSE,Process industries
Rachit Prints Limited,RACHIT,BSE,Consumer non-durables
RACL Geartech Ltd,RACLGEAR,NSE,Producer manufacturing
Raconteur Global Resources Limited,RACONTEUR,BSE,Consumer services
Radaan Mediaworks (I) Ltd.,RADAAN,NSE,Consumer services
Radhe Developers (India) Limited,RADHEDE,BSE,Consumer durables
Radhika Jeweltech Ltd,RADHIKAJWE,NSE,Consumer durables
Radiant Cash Management Services Limited,RADIANTCMS,NSE,Commercial services
Radico Khaitan Limited,RADICO,NSE,Consumer non-durables
Music Broadcast Ltd.,RADIOCITY,NSE,Consumer services
Radiowalla Network Limited,RADIOWALLA,NSE,Technology services
Radix Industries (India) Ltd.,RADIXIND,BSE,Consumer non-durables
Raghuvansh Agrofarms Ltd.,RAFL,BSE,Distribution services
Raghunath International Limited.,RAGHUNAT,BSE,Finance
Raghuvir Synthetics Limited,RAGHUSYN,BSE,Process industries
RTCL Limited,RAGHUTOB,BSE,Finance
RailTel Corp. of India Ltd.,RAILTEL,NSE,Communications
Rain Industries Limited,RAIN,NSE,Process industries
Rainbow Childrens Medicare Limited,RAINBOW,NSE,Health services
Rainbow Foundations Limited,RAINBOWF,BSE,Finance
Raja Bahadur International Ltd.,RAJABAH,BSE,Finance
Rajesh Power Services Limited,RAJESH,BSE,Industrial services
Rajesh Exports Limited,RAJESHEXPO,NSE,Consumer durables
Rajasthan Gases Ltd.,RAJGASES,BSE,Utilities
Rajputana Industries Limited,RAJINDLTD,NSE,Non-energy minerals
Rajeswari Infrastructure Limited,RAJINFRA,BSE,Finance
Rajkot Investment Trust Ltd.,RAJKOTINV,BSE,Finance
Rajkamal Synthetics Limited,RAJKSYN,BSE,Process industries
Rajnandini Metal Ltd.,RAJMET,NSE,Non-energy minerals
Rajnish Wellness Ltd.,RAJNISH,BSE,Distribution services
Rajoo Engineers Limited,RAJOOENG,NSE,Producer manufacturing
Raj Packaging Industries Limited,RAJPACK,BSE,Process industries
Rajapalayam Mills Limited,RAJPALAYAM,BSE,Process industries
Rajputana Investment and Finance Ltd,RAJPUTANA,BSE,Retail trade
Rajputana Biodiesel Limited,RAJPUTANA,NSE,Process industries
Rajratan Global Wire Limited,RAJRATAN,NSE,Producer manufacturing
Raj Rayon Industries Limited,RAJRILTD,NSE,Process industries
Rajasthan Petro Synthetics Ltd.,RAJSPTR,BSE,Commercial services
Rajshree Sugars & Chemicals Limited,RAJSREESUG,NSE,Process industries
Rajasthan Tube Manufacturing Co. Ltd.,RAJTUBE,BSE,Non-energy minerals
Raj Television Network Limited,RAJTV,NSE,Consumer services
Rajvir Industries Limited,RAJVIR,NSE,Process industries
Resourceful Automobile Limited,RAL,BSE,Retail trade
Ravileela Granites Ltd.,RALEGRA,BSE,Non-energy minerals
Rallis India Limited,RALLIS,NSE,Process industries
Shree Rama Newsprint Ltd.,RAMANEWS,NSE,Process industries
Rama Petrochemicals Ltd,RAMAPETRO,BSE,Distribution services
Rama Phosphates Limited,RAMAPHO,NSE,Process industries
Rama Paper Mills Limited,RAMAPPR_B,BSE,Process industries
Ramasigns Industries Ltd.,RAMASIGNS,BSE,Commercial services
Rama Steel Tubes Ltd.,RAMASTEEL,NSE,Non-energy minerals
Rama Vision Limited,RAMAVISION,BSE,Distribution services
Ramco Cements Limited,RAMCOCEM,NSE,Non-energy minerals
Ramco Industries Limited,RAMCOIND,NSE,Non-energy minerals
Ramco Systems Limited,RAMCOSYS,NSE,Technology services
Ramgopal Polytex Ltd.,RAMGOPOLY,BSE,Producer manufacturing
RAMINFO Limited,RAMINFO,BSE,Technology services
Ramky Infrastructure Limited,RAMKY,NSE,Industrial services
Ram Ratna Wires Limited,RAMRAT,NSE,Producer manufacturing
Ramsons Projects Ltd.,RAMSONS,BSE,Finance
Rana Sugars Limited,RANASUG,NSE,Process industries
Rander Corporation Limited,RANDER,BSE,Finance
Rane Holdings Limited,RANEHOLDIN,NSE,Producer manufacturing
Ranjeet Mechatronics Ltd.,RANJEET,BSE,Electronic technology
Rap Corp Ltd,RAP,BSE,Finance
Rapicut Carbides Limited,RAPICUT,BSE,Non-energy minerals
Rapid Multimodal Logistics Limited,RAPID,BSE,Transportation
Rapid Fleet Management Services Limited,RAPIDFLEET,NSE,Transportation
Rapid Investments Ltd.,RAPIDIN,BSE,Finance
Rappid Valves (India) Limited,RAPPID,NSE,Producer manufacturing
Rasandik Engineering Industries India Limited,RASANDIK,BSE,Producer manufacturing
Rasi Electrodes Limited,RASIELEC,BSE,Producer manufacturing
Ras Resorts & Apart Hotels Ltd.,RASRESOR,BSE,Consumer services
Raasi Refractories Ltd.,RASSIREF,BSE,Producer manufacturing
RateGain Travel Technologies Ltd.,RATEGAIN,NSE,Technology services
Rathi Bars Limited,RATHIBAR,BSE,Non-energy minerals
Rathi Steel & Power Ltd.,RATHIST,BSE,Non-energy minerals
Ratnabhumi Developers Ltd.,RATNABHUMI,BSE,Finance
Ratnamani Metals & Tubes Ltd.,RATNAMANI,NSE,Non-energy minerals
Ratnaveer Precision Engineering Ltd.,RATNAVEER,NSE,Non-energy minerals
Raunaq International Ltd,RAUNAQ,BSE,Industrial services
Ravalgaon Sugar Farm Limited,RAVALSUGAR,BSE,Consumer non-durables
Raw Edge Industrial Solutions Ltd.,RAWEDGE,BSE,Distribution services
Royale Manor Hotels & Industries Ltd.,RAYALEMA,BSE,Consumer services
Raymed Labs Ltd.,RAYLA,BSE,Health technology
Raymond Limited,RAYMOND,NSE,Process industries
Raymond Lifestyle Limited,RAYMONDLSL,NSE,Consumer non-durables
Raymond Realty Limited,RAYMONDREL,NSE,Finance
Restaurant Brands Asia Limited,RBA,NSE,Consumer services
RBL Bank Ltd.,RBLBANK,NSE,Finance
RBM Infracon Limited,RBMINFRA,NSE,Industrial services
Ramdevbaba Solvent Limited,RBS,NSE,Process industries
RBZ Jewellers Limited,RBZJEWEL,NSE,Consumer durables
Rajeshwari Cans Limited,RCAN,BSE,Non-energy minerals
Rajasthan Cylinders & Containers Ltd,RCCL,BSE,Utilities
Rajgor Castor Derivatives Limited,RCDL,NSE,Process industries
Rashtriya Chemicals & Fertilizers Ltd.,RCF,NSE,Process industries
RCI Industries & Technologies Ltd.,RCIIND,BSE,Non-energy minerals
Radhagobind Commercial Ltd.,RCL,BSE,Process industries
Reliance Communications Limited,RCOM,NSE,Communications
RDB Infrastructure and Power Limited,RDBIPL,BSE,Finance
RDB Rasayans Ltd.,RDBRL,BSE,Process industries
Readymix Construction Machinery Ltd.,READYMIX,NSE,Producer manufacturing
Real Eco-Energy Limited,REALECO,BSE,Finance
REC Limited,RECLTD,NSE,Finance
Redington Limited,REDINGTON,NSE,Distribution services
Redtape Limited,REDTAPE,NSE,Retail trade
Reetech International Ltd,REETECH,BSE,Distribution services
Refex Industries Limited,REFEX,NSE,Energy minerals
Refex Renewables & Infrastructure Limited,REFEXRENEW,BSE,Industrial services
Refractory Shapes Ltd.,REFRACTORY,NSE,Non-energy minerals
Regaal Resources Limited,REGAAL,NSE,Process industries
Regency Ceramics Ltd,REGENCERAM,NSE,Producer manufacturing
Regency Fincorp Ltd,REGENCY,BSE,Finance
Regent Enterprises Limited,REGENTRP,BSE,Industrial services
Regis Industrial Ltd,REGIS,BSE,Finance
Relaxo Footwears Limited,RELAXO,NSE,Consumer non-durables
Reliance Chemotex Industries Ltd,RELCHEMQ,NSE,Process industries
Reliable Data Services Ltd.,RELIABLE,NSE,Technology services
Reliable Ventures India Limited,RELIABVEN,BSE,Consumer services
Reliance Industries Limited,RELIANCE,NSE,Energy minerals
Relicab Cable Manufacturing Ltd.,RELICAB,BSE,Producer manufacturing
Relic Technologies Limited,RELICTEC,BSE,Finance
Religare Enterprises Limited,RELIGARE,NSE,Finance
Reliance Infrastructure Limited,RELINFRA,NSE,Utilities
Ravindra Energy Ltd.,RELTD,NSE,Utilities
Remi Edelstahl Tubulars Limited,REMIEDEL,BSE,Non-energy minerals
Remedium Lifecare Ltd,REMLIFE,BSE,Consumer durables
Remsons Industries Limited,REMSONSIND,NSE,Producer manufacturing
Remus Pharmaceuticals Ltd.,REMUS,NSE,Health technology
Shree Renuka Sugars Limited,RENUKA,NSE,Process industries
Repco Home Finance Ltd.,REPCOHOME,NSE,Finance
Rudrabhishek Enterprises Ltd.,REPL,NSE,Industrial services
Repono Limited,REPONO,BSE,Transportation
Repro India Limited,REPRO,NSE,Commercial services
Resgen Limited,RESGEN,BSE,Process industries
Resonance Specialties Limited,RESONANCE,BSE,Process industries
Responsive Industries Limited,RESPONIND,NSE,Non-energy minerals
Response Informatics Ltd,RESPONSINF,BSE,Commercial services
Restile Ceramics Limited,RESTILE,BSE,Producer manufacturing
Retaggio Industries Limited,RETAGGIO,BSE,Consumer durables
JHS Svendgaard Retail Ventures Pvt Ltd,RETAIL,NSE,Retail trade
Retina Paints Ltd.,RETINA,BSE,Process industries
Rexnord Electronics & Controls Ltd.,REXNORD,BSE,Producer manufacturing
Rex Pipes & Cables Industries Ltd.,REXPIPES,NSE,Producer manufacturing
Rexpro Enterprises Ltd.,REXPRO,NSE,Producer manufacturing
Ruparel Food Products Ltd,RFL,BSE,Finance
Rita Finance & Leasing Ltd.,RFLL,BSE,Finance
Richfield Financial Services Ltd. (India),RFSL,BSE,Finance
RGF Capital Markets Ltd.,RGF,BSE,Finance
Rotographics (India) Ltd,RGIL,BSE,Process industries
Renaissance Global Limited,RGL,NSE,Consumer durables
Retro Green Revolution Ltd.,RGRL,BSE,Industrial services
Rhetan TMT Ltd.,RHETAN,BSE,Non-energy minerals
Reliance Home Finance Ltd.,RHFL,NSE,Finance
RHI Magnesita India Limited,RHIM,NSE,Producer manufacturing
Robust Hotels Ltd.,RHL,NSE,Consumer services
Riba Textiles Limited,RIBATEX,BSE,Process industries
Richa Info Systems Ltd.,RICHA,NSE,Electronic technology
Richa Industries Limited,RICHAIND,BSE,Consumer non-durables
Rich Universe Network Limited,RICHUNV,BSE,Commercial services
Rico Auto Industries Limited,RICOAUTO,NSE,Producer manufacturing
Riddhi Siddhi Gluco Biols Limited,RIDDHI,BSE,Process industries
Riddhi Corporate Services Ltd.,RIDDHICORP,BSE,Transportation
Reliance Industrial Infrastructure Limited,RIIL,NSE,Industrial services
Rikhav Securities Ltd.,RIKHAV,BSE,Finance
Rachana Infrastructure Limited,RILINFRA,NSE,Industrial services
RIR Power Electronics Limited,RIR,BSE,Electronic technology
Risa International Ltd.,RISAINTL,BSE,Process industries
Rishabh Instruments Limited,RISHABH,NSE,Producer manufacturing
Rishabh Digha Steel & Allied Products Ltd.,RISHDIGA,BSE,Non-energy minerals
Rishi Laser Limited,RISHILASE,BSE,Producer manufacturing
Rishiroop Limited,RISHIROOP,BSE,Process industries
Rishi Techtex Limited,RISHITECH,BSE,Process industries
Rishab Special Yarns Ltd.,RISHYRN,BSE,Finance
Ritco Logistics Ltd.,RITCO,NSE,Transportation
RITES Ltd.,RITES,NSE,Commercial services
Ritesh International Limited,RITESHIN,BSE,Process industries
Rite Zone Chemcon India Ltd.,RITEZONE,NSE,Process industries
R J Shah & Co Ltd,RJSHAH,BSE,Industrial services
RKD Agri & Retail Ltd.,RKDAGRRTL,BSE,Finance
Ravikumar Distilleries Ltd.,RKDL,NSE,Consumer non-durables
RKEC Projects Ltd.,RKEC,NSE,Industrial services
Ramkrishna Forgings Ltd,RKFORGE,NSE,Producer manufacturing
R K Swamy Limited,RKSWAMY,NSE,Commercial services
RLF Limited,RLF,BSE,Process industries
Ramchandra Leasing & Finance Ltd,RLFL,BSE,Finance
RMC Switchgears Ltd.,RMC,BSE,Producer manufacturing
R M Drip And Sprinklers Systems Limited,RMDRIP,NSE,Producer manufacturing
Rane (Madras) Limited,RML,NSE,Producer manufacturing
R&B Denims Ltd,RNBDENIMS,NSE,Process industries
RNFI Services Ltd.,RNFI,NSE,Finance
Renol Polychem Limited,RNPL,NSE,Process industries
Macfos Ltd.,ROBU,BSE,Retail trade
Rockingdeals Circular Economy Ltd.,ROCKINGDCE,NSE,Distribution services
Rodium Realty Limited,RODIUM,BSE,Finance
Royal Orchid Hotels Limited,ROHLTD,NSE,Consumer services
RO Jewels Ltd.,ROJL,BSE,Distribution services
Rolex Rings Limited,ROLEXRINGS,NSE,Producer manufacturing
Rollatainers Limited,ROLLT,NSE,Process industries
Rolta India Limited,ROLTA,NSE,Technology services
Raj Oil Mills Limited,ROML,NSE,Process industries
Roni Households Ltd.,RONI,BSE,Distribution services
Roopa Industries Limited,ROOPAIND,BSE,Health technology
Roselabs Finance Ltd.,ROSELABS,BSE,Finance
Rose Merc Limited,ROSEMER,BSE,Producer manufacturing
Rossari Biotech Ltd,ROSSARI,NSE,Process industries
Rossell India Limited,ROSSELLIND,NSE,Electronic technology
Rossell Techsys Limited,ROSSTECH,NSE,Electronic technology
Roto Pumps Limited,ROTO,NSE,Producer manufacturing
"Route Mobile, Ltd.",ROUTE,NSE,Communications
ROX Hi-Tech Limited,ROXHITECH,NSE,Technology services
Royal Sense Ltd.,ROYAL,BSE,Distribution services
Royal Arc Electrodes Limited,ROYALARC,NSE,Producer manufacturing
Royal Cushion Vinyl Products Limited,ROYALCU,BSE,Non-energy minerals
Royal India Corporation Limited,ROYALIND,BSE,Finance
Raghav Productivity Enhancers Ltd.,RPEL,NSE,Process industries
RPG Life Sciences Limited,RPGLIFE,NSE,Health technology
Reliance Power Limited,RPOWER,NSE,Utilities
RPP Infra Projects Ltd.,RPPINFRA,NSE,Industrial services
Rajshree Polypack Ltd.,RPPL,NSE,Process industries
RPSG Ventures Limited,RPSGVENT,NSE,Finance
Rashi Peripherals Limited,RPTECH,NSE,Distribution services
RDB Real Estate Constructions Ltd,RRECL,BSE,Finance
Rajnish Retail Ltd,RRETAIL,BSE,Retail trade
RR Financial Consultants Ltd.,RRFIN,BSE,Finance
RRIL Limited,RRIL,BSE,Process industries
RR Kabel Ltd.,RRKABEL,NSE,Producer manufacturing
RR Metalmakers India Ltd.,RRMETAL,BSE,Distribution services
RRP Semiconductor Ltd,RRP,BSE,Finance
RRP Defense Ltd,RRPDEFENSE,BSE,Distribution services
RSC International Ltd,RSCINT,BSE,Process industries
RSD Finance Ltd.,RSDFIN,BSE,Finance
R. S. Software (India) Limited,RSSOFTWARE,NSE,Technology services
Riddhi Steel & Tube Ltd.,RSTL,BSE,Non-energy minerals
RSWM Ltd,RSWM,NSE,Process industries
R Systems International Limited,RSYSTEMS,NSE,Technology services
Real Touch Finance Ltd.,RTFL,BSE,Finance
Rama Telecom Limited,RTL,NSE,Communications
RattanIndia Enterprises Limited,RTNINDIA,NSE,Commercial services
RattanIndia Power Limited,RTNPOWER,NSE,Utilities
RTS Power Corporation Ltd,RTSPOWR,BSE,Producer manufacturing
Rubfila International Limited,RUBFILA,NSE,Process industries
Ruby Mills Limited,RUBYMILLS,NSE,Process industries
Ruchi Infrastructure Limited,RUCHINFRA,NSE,Transportation
Ruchira Papers Limited,RUCHIRA,NSE,Process industries
Rudra Global Infra Products Ltd.,RUDRA,BSE,Non-energy minerals
Rudra Ecovation Limited,RUDRAECO,BSE,Process industries
Rudra Gas Enterprise Ltd.,RUDRAGAS,BSE,Utilities
Rulka Electricals Ltd,RULKA,NSE,Industrial services
Rungta Irrigation Ltd,RUNGTAIR,BSE,Producer manufacturing
Rupa & Co. Ltd.,RUPA,NSE,Consumer non-durables
Rushil Decor Ltd.,RUSHIL,NSE,Non-energy minerals
Keystone Realtors Ltd.,RUSTOMJEE,NSE,Finance
Ravinder Heights Ltd,RVHL,NSE,Consumer durables
Rail Vikas Nigam Ltd.,RVNL,NSE,Industrial services
Revathi Equipment India Ltd.,RVTH,NSE,Industrial services
S&S Power Switchgear Ltd.,S&SPOWER,NSE,Producer manufacturing
Saakshi Medtech and Panels Limited,SAAKSHI,NSE,Producer manufacturing
SAB Industries Ltd.,SAB,BSE,Industrial services
Sabar Flex India Ltd.,SABAR,NSE,Process industries
SAB Events & Governance Now Media Ltd.,SABEVENTS,NSE,Technology services
Saboo Sodium Chloro Limited,SABOOSOD,BSE,Process industries
Sri Adhikari Brothers Television Network Limited,SABTNL,NSE,Consumer services
Sacheerome Limited,SACHEEROME,NSE,Consumer non-durables
Sacheta Metals Ltd,SACHEMT,BSE,Consumer durables
Sadbhav Engineering Limited,SADBHAV,NSE,Industrial services
Sadbhav Infrastructure Project Ltd.,SADBHIN,NSE,Transportation
Sadhav Shipping Ltd.,SADHAV,NSE,Transportation
Sadhana Nitro Chem Limited,SADHNANIQ,NSE,Process industries
South Asian Enterprises Limited,SAENTER,BSE,Distribution services
Safari Industries (India) Limited,SAFARI,NSE,Consumer durables
Sodhani Academy of Fintech Enablers Limited,SAFE,BSE,Technology services
Safe Enterprises Retail Fixtures Ltd.,SAFEENTP,NSE,Producer manufacturing
Saffron Industries Limited,SAFFRON,BSE,Finance
Sagardeep Alloys Ltd.,SAGARDEEP,NSE,Non-energy minerals
Sagarsoft (India) Ltd.,SAGARSOFT,BSE,Technology services
Sagar Cements Ltd,SAGCEM,NSE,Non-energy minerals
Sagility Limited,SAGILITY,NSE,Commercial services
Sahaj Solar Limited,SAHAJSOLAR,NSE,Electronic technology
Sahana System Limited,SAHANA,NSE,Technology services
Sahara Housingfina Corporation Limited,SAHARAHOUS,BSE,Finance
Sahasra Electronic Solutions Limited,SAHASRA,NSE,Electronic technology
Shalibhadra Finance Limited,SAHLIBHFI,BSE,Finance
Sahyadri Industries Limited.,SAHYADRI,NSE,Non-energy minerals
Sai Swami Metals and Alloys Limited,SAI,BSE,Distribution services
Sai Capital Ltd.,SAICAPI,BSE,Finance
Saianand Commercial Ltd,SAICOM,BSE,Distribution services
Sameera Agro and Infra Limited,SAIFL,NSE,Finance
Steel Authority of India Limited,SAIL,NSE,Non-energy minerals
Sailani Tours N Travels Ltd.,SAILANI,BSE,Consumer services
SAI Life Sciences Ltd.,SAILIFE,NSE,Commercial services
Sainik Finance & Industries Limited,SAINIK,BSE,Finance
Saj Hotels Limited,SAJHOTELS,NSE,Consumer services
Sakar Healthcare Ltd,SAKAR,NSE,Health technology
Sakthi Sugars Limited,SAKHTISUG,NSE,Process industries
Saksoft Limited,SAKSOFT,NSE,Technology services
Sakthi Finance Limited,SAKTHIFIN,BSE,Finance
Sakuma Exports Limited,SAKUMA,NSE,Distribution services
Salasar Techno Engineering Ltd.,SALASAR,NSE,Producer manufacturing
SAL Automotive Ltd.,SALAUTO,BSE,Producer manufacturing
Salem Erode Investments Ltd.,SALEM,BSE,Finance
Salguti Industries Ltd,SALGUTI,BSE,Process industries
Salona Cotspin Limited,SALONA,NSE,Process industries
Salora International Limited,SALORAINTL,BSE,Electronic technology
S.A.L. Steel Ltd.,SALSTEEL,NSE,Non-energy minerals
Salzer Electronics Limited,SALZERELEC,NSE,Producer manufacturing
Samay Project Services Limited,SAMAY,NSE,Industrial services
Sambandam Spinning Mills Limited,SAMBANDAM,BSE,Process industries
Sambhaav Media Limited,SAMBHAAV,NSE,Consumer services
Sambhv Steel Tubes Limited,SAMBHV,NSE,Non-energy minerals
Samhi Hotels Limited,SAMHI,NSE,Consumer services
Sam Industries Limited,SAMINDUS,BSE,Finance
Samkrg Pistons & Rings Ltd.,SAMKRG,BSE,Producer manufacturing
Sammaan Capital Ltd,SAMMAANCAP,NSE,Finance
Samor Reality Limited,SAMOR,BSE,Distribution services
Sampann Utpadan India Ltd,SAMPANN,NSE,Producer manufacturing
Sampre Nutritions Limited,SAMPRE,BSE,Consumer non-durables
Samrat Forgings Limited,SAMRATFORG,BSE,Producer manufacturing
Samrat Pharmachem Limited,SAMRATPH,BSE,Process industries
Samsrita Labs Limited,SAMSRITA,BSE,Health technology
Samtex Fashions Limited,SAMTEX,BSE,Process industries
Samyak International Limited,SAMYAKINT,BSE,Process industries
Sanathan Textiles Limited,SANATHAN,NSE,Process industries
Sanblue Corporation Limited,SANBLUE,BSE,Distribution services
Sanchay Finvest Ltd,SANCF,BSE,Finance
Sanco Industries Ltd,SANCO,NSE,Producer manufacturing
Sancode Technologies Limited,SANCODE,BSE,Technology services
Sanco Trans Limited,SANCTRN,BSE,Transportation
Sandesh Limited,SANDESH,NSE,Consumer services
Sandhar Technologies Ltd.,SANDHAR,NSE,Consumer durables
Sandur Manganese & Iron Ores Ltd,SANDUMA,NSE,Non-energy minerals
Sandu Pharmaceuticals Limited,SANDUPHQ,BSE,Health technology
Sangam Finserv Ltd,SANGAMFIN,BSE,Finance
Sangam (India) Limited,SANGAMIND,NSE,Process industries
Sangani Hospital Ltd.,SANGANI,NSE,Health services
Sanghi Industries Limited,SANGHIIND,NSE,Non-energy minerals
Sanghvi Movers Limited,SANGHVIMOV,NSE,Finance
Sanginita Chemicals Ltd.,SANGINITA,NSE,Process industries
Sanmit Infra Limited,SANINFRA,BSE,Distribution services
Sanjivani Paranteral Ltd.,SANJIVIN,BSE,Health technology
Sanofi India Limited,SANOFI,NSE,Health technology
Sanofi Consumer Healthcare India Limited,SANOFICONR,NSE,Health technology
Sangal Papers Limited,SANPA,BSE,Process industries
Sansera Engineering Limited,SANSERA,NSE,Producer manufacturing
Sanstar Limited,SANSTAR,BSE,Consumer non-durables
Sanrhea Technical Textiles Ltd.,SANTETX,BSE,Process industries
Santosh Fine-Fab Ltd.,SANTOSHF,BSE,Process industries
Sanwaria Consumer Ltd,SANWARIA,NSE,Process industries
SAR Auto Products Ltd,SAPL,BSE,Producer manufacturing
Sapphire Foods India Ltd.,SAPPHIRE,NSE,Consumer services
Shree Ajit Pulp And Paper Ltd,SAPPL,BSE,Process industries
Sarda Energy & Minerals Limited,SARDAEN,NSE,Non-energy minerals
Saregama India Limited,SAREGAMA,NSE,Consumer services
Sarla Performance Fibers Limited,SARLAPOLY,NSE,Process industries
Saroja Pharma Industries India Ltd.,SAROJA,NSE,Distribution services
SAR Televenture Limited,SARTELE,NSE,Finance
Sarthak Global Ltd.,SARTHAKGL,BSE,Finance
Sarthak Industries Limited,SARTHAKIND,BSE,Producer manufacturing
Sarup Industries Limited,SARUPINDUS,BSE,Consumer non-durables
Sarveshwar Foods Ltd.,SARVESHWAR,NSE,Process industries
Sarvottam Finvest Ltd,SARVOTTAM,BSE,Finance
Sashwat Technocrats Ltd.,SASHWAT,BSE,Finance
Sasken Technologies Ltd,SASKEN,NSE,Technology services
Sastasundar Ventures Limited,SASTASUNDR,NSE,Retail trade
Satiate Agri Ltd,SATAGRI,BSE,Distribution services
Satchmo Holdings Limited,SATCH,BSE,Consumer durables
S A Tech Software India Ltd.,SATECH,NSE,Technology services
Satia Industries Ltd,SATIA,NSE,Process industries
Satin Creditcare Network Ltd,SATIN,NSE,Finance
Sati Poly Plast Ltd.,SATIPOLY,NSE,Process industries
Sat Kartar Shopping Ltd,SATKARTAR,NSE,Health technology
Sattrix Information Security Limited,SATTRIX,BSE,Technology services
Sattva Engineering Construction Limited,SATTVAENGG,NSE,Industrial services
Sattva Sukun Lifecare Ltd,SATTVASUKU,BSE,Producer manufacturing
Saumya Consultants Limited,SAUMYA,BSE,Finance
Saurashtra Cement Limited,SAURASHCEM,NSE,Non-energy minerals
Savera Industries Limited,SAVERA,BSE,Consumer services
Savani Financials Ltd,SAVFI,BSE,Finance
Savy Infra and Logistics Limited,SAVY,NSE,Industrial services
Sawaca Enterprises Ltd,SAWACA,BSE,Technology services
Sawaliya Food Products Limited,SAWALIYA,NSE,Consumer non-durables
Sayaji Hotels Limited,SAYAJIHOTL,BSE,Consumer services
Sayaji Industries Limited,SAYAJIIND,BSE,Process industries
SBC Exports Ltd.,SBC,NSE,Distribution services
Shivalik Bimetal Controls Ltd,SBCL,NSE,Non-energy minerals
SBEC Sugar Limited,SBECSUG,BSE,Process industries
SBEC Systems (India) Ltd,SBECSYS,BSE,Commercial services
SBFC Finance Limited,SBFC,NSE,Finance
Shree Bhavya Fabrics Limited,SBFL,BSE,Process industries
Suratwwala Business Group Ltd,SBGLP,NSE,Finance
SBI Cards & Payment Services Ltd,SBICARD,NSE,Finance
SBI Life Insurance Co. Ltd.,SBILIFE,NSE,Finance
State Bank of India,SBIN,NSE,Finance
Shivamshree Businesses Ltd.,SBL,BSE,Process industries
SBL Infratech Limited,SBLI,BSE,Finance
Sanghvi Brands Ltd.,SBRANDS,BSE,Consumer services
Shri Balaji Valve Components Limited,SBVCL,BSE,Producer manufacturing
SC Agrotech Ltd.,SCAGRO,BSE,Consumer non-durables
Scan Projects Ltd.,SCANPRO,BSE,Industrial services
Scan Steels Ltd,SCANSTL,BSE,Non-energy minerals
Scarnose International Ltd.,SCARNOSE,BSE,Consumer non-durables
Saptak Chem & Business Ltd.,SCBL,BSE,Non-energy minerals
Scintilla Commercial & Credit Ltd,SCC,BSE,Finance
Schaeffler India Ltd,SCHAEFFLER,NSE,Producer manufacturing
S Chand And Company Limited,SCHAND,NSE,Consumer services
Schneider Electric Infrastructure Limited,SCHNEIDER,NSE,Distribution services
Shipping Corporation of India Limited,SCI,NSE,Transportation
Shipping Corporation of India Land and Assets Limited,SCILAL,NSE,Miscellaneous
Sunshine Capital Ltd.,SCL,BSE,Finance
Sharp Chucks & Machines Ltd.,SCML,NSE,Producer manufacturing
Scoda Tubes Ltd.,SCODATUBES,NSE,Non-energy minerals
Scoobee Day Garments (India) Limited,SCOOBEEDAY,BSE,Consumer non-durables
Sheetal Cool Products Ltd.,SCPL,NSE,Consumer non-durables
Suncare Traders Ltd.,SCTL,BSE,Non-energy minerals
Som Distilleries & Breweries Ltd.,SDBL,NSE,Consumer non-durables
SDC Techmedia Limited,SDC,BSE,Consumer services
Span Divergent Ltd,SDL,BSE,Health technology
S D Retail Limited,SDREAMS,NSE,Consumer non-durables
Seacoast Shipping Services Ltd.,SEACOAST,BSE,Transportation
Sealmatic India Ltd.,SEALMATIC,BSE,Producer manufacturing
SEAMEC Limited,SEAMECLTD,NSE,Industrial services
Seasons Textiles Limited,SEASONST,BSE,Consumer durables
Sea Tv Network Limited,SEATV,BSE,Consumer services
SecMark Consultancy Ltd.,SECMARK,NSE,Technology services
SecureKloud Technologies Limited,SECURKLOUD,NSE,Technology services
Shanti Educational Initiatives Ltd.,SEIL,BSE,Commercial services
Sejal Glass Limited,SEJALLTD,NSE,Process industries
Saint-Gobain Sekurit India Ltd.,SEKURITIND,BSE,Consumer durables
Sungarner Energies Limited,SEL,NSE,Electronic technology
Sanathnagar Enterprises Ltd,SEL,BSE,Finance
Selan Exploration Technology Limited,SELAN,NSE,Energy minerals
Sellowrap Industries Limited,SELLOWRAP,NSE,Producer manufacturing
Sellwin Traders Ltd.,SELLWIN,BSE,Finance
SEL Manufacturing Co. Ltd.,SELMC,NSE,Process industries
Semac Construction Limited,SEMAC,NSE,Producer manufacturing
Sunrise Efficient Marketing Ltd.,SEML,BSE,Distribution services
Senco Gold Limited,SENCO,NSE,Consumer durables
Senthil Infotek Ltd,SENINFO,BSE,Technology services
Senores Pharmaceuticals Ltd.,SENORES,NSE,Health technology
SEPC Limited,SEPC,NSE,Industrial services
Sequent Scientific Limited,SEQUENT,NSE,Health technology
Sera Investments and Finance India Ltd.,SERA,BSE,Non-energy minerals
SER Industries Limited,SERIND,BSE,Transportation
Service Care Limited,SERVICE,NSE,Commercial services
Servotech Renewable Power System Ltd,SERVOTECH,NSE,Producer manufacturing
Seshasayee Paper & Boards Ltd.,SESHAPAPER,NSE,Process industries
Setco Automotive Limited,SETCO,NSE,Producer manufacturing
Setubandhan Infrastructure Ltd,SETUINFRA,NSE,Industrial services
Seven Hill Industries Ltd.,SEVENHILL,BSE,Finance
Supertech EV Ltd.,SEVL,BSE,Consumer durables
Seya Industries Ltd.,SEYAIND,NSE,Process industries
Sheela Foam Ltd.,SFL,NSE,Process industries
Supreme Facility Management Limited,SFML,NSE,Commercial services
Square Four Projects India Limited,SFPIL,BSE,Finance
Shashwat Furnishing Solutions Ltd.,SFSL,BSE,Producer manufacturing
SG Finserve Limited,SGFIN,NSE,Finance
Suyog Gurbaxani Funicular Ropeways Limited,SGFRL,BSE,Industrial services
Synergy Green Industries Ltd.,SGIL,NSE,Non-energy minerals
STL Global Limited,SGL,NSE,Process industries
SGL Resources Ltd,SGLRES,BSE,Technology services
Standard Glass Lining Technology Ltd.,SGLTL,NSE,Health technology
SG Mart Ltd,SGMART,NSE,Utilities
SGN Telecoms Ltd.,SGNTE,BSE,Producer manufacturing
Shree Ganesh Remedies Ltd.,SGRL,BSE,Health technology
Shah Metacorp Ltd,SHAH,NSE,Non-energy minerals
Shah Alloys Limited,SHAHALLOYS,NSE,Non-energy minerals
Shah Foods Limited,SHAHFOOD,BSE,Consumer non-durables
Shahi Shipping Ltd,SHAHISHIP,BSE,Transportation
Shahlon Silk Industries Ltd,SHAHLON,BSE,Process industries
Shaily Engineering Plastics Limited,SHAILY,NSE,Process industries
Shakti Press Ltd.,SHAKTIPR,BSE,Commercial services
Shakti Pumps (India) Limited,SHAKTIPUMP,NSE,Producer manufacturing
Shalby Ltd.,SHALBY,NSE,Health services
Shalimar Wires Industries Limited,SHALIWIR,BSE,Process industries
Shalimar Paints Ltd,SHALPAINTS,NSE,Process industries
Shalimar Productions Limited,SHALPRO,BSE,Consumer services
Shamrock Industrial Co. Ltd.,SHAMROIN,BSE,Health technology
Shangar Decor Ltd.,SHANGAR,BSE,Commercial services
Shankara Building Products Ltd.,SHANKARA,NSE,Retail trade
Shanmuga Hospital Limited,SHANMUGA,BSE,Health services
Shantai Industries Ltd.,SHANTAI,BSE,Process industries
Shanthala FMCG Products Ltd.,SHANTHALA,NSE,Distribution services
Shanti Overseas (India) Ltd.,SHANTI,NSE,Process industries
Shanti Spintex Ltd.,SHANTIDENM,BSE,Process industries
Shanthi Gears Limited,SHANTIGEAR,NSE,Producer manufacturing
Shanti Gold International Limited,SHANTIGOLD,NSE,Consumer durables
Shanti Guru Industries Limited,SHANTIGURU,BSE,Retail trade
52 Weeks Entertainment Ltd.,SHAQUAK,BSE,Distribution services
Sharda Cropchem Ltd.,SHARDACROP,NSE,Distribution services
Sharda Motor Industries Ltd.,SHARDAMOTR,NSE,Producer manufacturing
Shardul Securities Limited,SHARDUL,BSE,Finance
Share India Securities Ltd,SHAREINDIA,NSE,Finance
Sharika Enterprises Ltd.,SHARIKA,BSE,Commercial services
Sharma East India Hospitals & Medical Research Ltd,SHARMEH,BSE,Health services
Sharp India Limited,SHARP,BSE,Consumer durables
Sharp Investments Ltd,SHARPINV,BSE,Finance
Sharpline Broadcast Limited,SHARPLINE,BSE,Consumer services
Sharvaya Metals Limited,SHARVAYA,BSE,Non-energy minerals
Shashijit Infraprojects Ltd.,SHASHIJIT,BSE,Industrial services
Narmada Gelatines Limited,SHAWGELTIN,BSE,Consumer non-durables
Shri Bajrang Alliance Limited,SHBAJRG,BSE,Non-energy minerals
Sheetal Universal Ltd.,SHEETAL,NSE,Consumer non-durables
Shekhawati Industries Limited,SHEKHAWATI,NSE,Process industries
Shelter Pharma Ltd.,SHELTER,BSE,Health technology
Shemaroo Entertainment Ltd.,SHEMAROO,NSE,Consumer services
Shera Energy Limited,SHERA,NSE,Producer manufacturing
Shervani Industrial Syndicate Limited,SHERVANI,BSE,Finance
Sheshadri Industries Ltd,SHESHAINDS,BSE,Process industries
Shetron Limited,SHETR,BSE,Process industries
Shree Ganesh Elastoplast Ltd,SHGANEL,BSE,Producer manufacturing
Shree Hari Chemicals Export Limited,SHHARICH,BSE,Process industries
Shigan Quantum Technologies Ltd.,SHIGAN,NSE,Electronic technology
Shikhar Consultants Ltd,SHIKHAR,BSE,Finance
Shilchar Technologies Limited,SHILCTECH,BSE,Producer manufacturing
Shilp Gravures Limited,SHILGRAVQ,BSE,Producer manufacturing
Sayaji Hotels (Indore) Limited,SHILINDORE,BSE,Consumer services
Shilpa Medicare Limited,SHILPAMED,NSE,Health technology
Sharat Industries Ltd,SHINDL,BSE,Process industries
Shine Fashions India Ltd,SHINEFASH,BSE,Process industries
Shish Industries Ltd.,SHISHIND,BSE,Producer manufacturing
Shivansh Finserve Ltd.,SHIVA,BSE,Commercial services
Shiva Global Agro Industries Limited,SHIVAAGRO,BSE,Process industries
Shiva Cement Ltd,SHIVACEM,BSE,Non-energy minerals
Shiva Granito Export Ltd,SHIVAEXPO,BSE,Non-energy minerals
Shivagrico Implements Limited,SHIVAGR,BSE,Producer manufacturing
Shivalik Rasayan Ltd,SHIVALIK,NSE,Process industries
Shivam Chemicals Limited,SHIVAM,BSE,Non-energy minerals
Shivam Autotech Limited,SHIVAMAUTO,NSE,Producer manufacturing
Shiva Mills Ltd.,SHIVAMILLS,NSE,Process industries
Shivashrit Foods Limited,SHIVASHRIT,NSE,Consumer non-durables
Shiva Texyarn Limited,SHIVATEX,NSE,Process industries
Shiv Aum Steels Ltd.,SHIVAUM,NSE,Producer manufacturing
Shiv Texchem Limited,SHIVTEXCHEM,BSE,Distribution services
S H Kelkar and Company Ltd,SHK,NSE,Process industries
Shree Karthik Papers Ltd.,SHKARTP,BSE,Process industries
Shri Hare-Krishna Sponge Iron Limited,SHKSIL,NSE,Non-energy minerals
Shoora Designs Ltd.,SHOORA,BSE,Consumer durables
Shoppers Stop Limited,SHOPERSTOP,NSE,Retail trade
Sayaji Hotels (Pune) Limited,SHPLPUNE,BSE,Consumer services
Shradha AI Technologies Ltd,SHRAAITECH,BSE,Distribution services
Shraddha Prime Projects Limited,SHRADDHA,BSE,Electronic technology
Shradha Infraprojects Ltd.,SHRADHA,NSE,Industrial services
Shri Rajivlochan Oil Extraction Ltd,SHRAJOI,BSE,Energy minerals
Shree Rajasthan Syntex Ltd,SHRAJSYNQ,BSE,Process industries
Sharda Ispat Ltd.,SHRDAIS,BSE,Non-energy minerals
Shree Digvijay Cement Co. Ltd.,SHREDIGCEM,NSE,Non-energy minerals
Shree Marutinandan Tubes Ltd.,SHREE,BSE,Distribution services
Shree Cement Limited,SHREECEM,NSE,Non-energy minerals
Shree Ganesh Biotech (India) Ltd.,SHREEGANES,BSE,Process industries
Shreeji Shipping Global Limited,SHREEJISPG,NSE,Transportation
Shree Karni Fabcom Limited,SHREEKARNI,NSE,Process industries
Shreenath Paper Products Limited,SHREENATH,BSE,Transportation
Shree OSFM E-Mobility Limited,SHREEOSFM,NSE,Transportation
Shree Pacetronix Limited,SHREEPAC,BSE,Health technology
Shree Pushkar Chemicals & Fertilisers Ltd.,SHREEPUSHK,NSE,Process industries
Shree Rama Multi-Tech Limited,SHREERAMA,NSE,Process industries
Shree Refrigerations Limited,SHREEREF,BSE,Producer manufacturing
Shree Securities Limited,SHREESEC,BSE,Finance
Shreeshay Engineers Ltd.,SHREESHAY,BSE,Industrial services
Shree Metalloys Limited,SHREMETAL,BSE,Producer manufacturing
Shrenik Limited,SHRENIK,NSE,Distribution services
Shreyans Industries Limited,SHREYANIND,NSE,Process industries
Shreyas Intermediates Limited,SHREYASI,BSE,Process industries
Shri Ahimsa Naturals Limited,SHRIAHIMSA,NSE,Health technology
Shricon Industries Limited,SHRICON,BSE,Industrial services
Shri Dinesh Mills Limited,SHRIDINE,BSE,Process industries
Shri Gang Industries and Allied Products Ltd,SHRIGANG,BSE,Consumer non-durables
Shri Krishna Devcon Limited,SHRIKRISH,BSE,Finance
Shringar House Of Mangalsutra Limited,SHRINGARMS,NSE,Consumer durables
Shriram Pistons & Rings Ltd.,SHRIPISTON,NSE,Producer manufacturing
Shriram Finance Limited,SHRIRAMFIN,NSE,Finance
Shriram Properties Ltd.,SHRIRAMPPS,NSE,Finance
Shristi Infrastructure Development Corporation Limited,SHRISTI,BSE,Consumer durables
Shri Techtex Limited,SHRITECH,NSE,Process industries
Shri Jagdamba Polymers Ltd.,SHRJAGP,BSE,Process industries
Shree Manufacturing Co. Ltd.,SHRMFGC,BSE,Process industries
Shrydus Industries Ltd,SHRYDUS,BSE,Finance
Shubham Polyspin Ltd.,SHUBHAM,BSE,Process industries
Shubhlaxmi Jewel Art Ltd.,SHUBHLAXMI,NSE,Consumer durables
Shubhshree Biofuels Energy Ltd.,SHUBHSHREE,NSE,Process industries
Shukra Jewellery Limited,SHUKJEW,BSE,Finance
Shukra Pharmaceuticals Ltd.,SHUKRAPHAR,BSE,Health technology
Shreevatsaa Finance & Leasing Ltd.,SHVFL,BSE,Finance
Shyama Computronics & Services Ltd,SHYAMACOMP,BSE,Finance
Shyam Century Ferrous Ltd.,SHYAMCENT,NSE,Non-energy minerals
Shyam Metalics & Energy Ltd.,SHYAMMETL,NSE,Producer manufacturing
Shyam Telecom Limited,SHYAMTEL,NSE,Electronic technology
Shyamkamal Investments Ltd.,SHYMINV,BSE,Finance
Sibar Auto Parts Ltd,SIBARAUT,BSE,Distribution services
Sicagen India Limited,SICAGEN,BSE,Distribution services
Sical Logistics Limited.,SICALLOG,NSE,Transportation
SI Capital & Financial Services Ltd.,SICAPIT,BSE,Finance
Suvidha Infraestate Corporation Limited,SICL,BSE,Finance
Siddha Ventures Limited,SIDDHA,BSE,Finance
Siddheswari Garments Ltd,SIDDHEGA,BSE,Consumer non-durables
Siddhika Coatings Limited,SIDDHIKA,NSE,Industrial services
Superior Industrial Enterprises Limited,SIEL,BSE,Process industries
Siemens Limited,SIEMENS,NSE,Producer manufacturing
Sigachi Industries Limited,SIGACHI,NSE,Health technology
Signet Industries Limited,SIGIND,NSE,Process industries
Sigma Solve Ltd,SIGMA,NSE,Technology services
Signatureglobal (India) Limited,SIGNATURE,NSE,Finance
Signoria Creation Limited,SIGNORIA,NSE,Consumer non-durables
Signpost India Limited,SIGNPOST,NSE,Commercial services
Sabrimala Industries India Ltd.,SIIL,BSE,Finance
Sika Interplant Systems Limited,SIKA,BSE,Electronic technology
Sikko Industries Ltd.,SIKKO,NSE,Process industries
Sikozy Realtors Limited,SIKOZY,BSE,Finance
Standard Industries Limited,SIL,NSE,Process industries
Silgo Retail Ltd,SILGO,NSE,Consumer durables
SIL Investments Limited,SILINV,NSE,Finance
Silkflex Polymers (India) Ltd.,SILKFLEX,NSE,Distribution services
Silky Overseas Ltd.,SILKY,NSE,Process industries
Silly Monks Entertainment Ltd.,SILLYMONKS,NSE,Consumer services
Silverline Technologies Limited,SILVERLINE,BSE,Technology services
Silver Oak Commercial Ltd.,SILVERO,BSE,Distribution services
Silver Touch Technologies Ltd.,SILVERTUC,NSE,Technology services
Silver Oak (India) Limited,SILVOAK,BSE,Consumer non-durables
Simbhaoli Sugars Ltd,SIMBHALS,NSE,Process industries
Simmonds Marshall Limited,SIMMOND,BSE,Producer manufacturing
Simplex Castings Limited,SIMPLEXCAS,BSE,Producer manufacturing
Simplex Infrastructures Limited,SIMPLEXINF,NSE,Industrial services
Simplex Papers Limited,SIMPLXPAP,BSE,Distribution services
Simplex Realty Limited,SIMPLXREA,BSE,Consumer durables
Simran Farms Limited,SIMRAN,BSE,Process industries
Sinclairs Hotels Limited,SINCLAIR,NSE,Consumer services
Sindhu Trade Links Ltd.,SINDHUTRAD,NSE,Transportation
Singer India Limited,SINGER,BSE,Consumer durables
Sintercom India Ltd.,SINTERCOM,NSE,Producer manufacturing
Shelter Infra Projects Limited,SIPL,BSE,Industrial services
Sharanam Infraproject and Trading Ltd,SIPTL,BSE,Retail trade
Sirca Paints India Ltd.,SIRCA,NSE,Process industries
Sirohia & Sons Ltd,SIROHIA,BSE,Distribution services
SIS Limited,SIS,NSE,Commercial services
Shantidoot Infra Service Limited,SISL,BSE,Consumer durables
Sita Enterprises Limited,SITAENT,BSE,Finance
Siti Networks Limited,SITINET,NSE,Consumer services
Siyaram Recycling Industries Ltd.,SIYARAM,BSE,Non-energy minerals
Siyaram Silk Mills Limited,SIYSIL,NSE,Process industries
Sizemasters Technology Limited,SIZEMASTER,BSE,Producer manufacturing
S J Logistics (India) Limited,SJLOGISTIC,NSE,Transportation
S.J.S. Enterprises Limited,SJS,NSE,Producer manufacturing
SJVN Limited,SJVN,NSE,Utilities
Shri Keshav Cements & Infra Ltd,SKCIL,BSE,Non-energy minerals
SKF India Limited,SKFINDIA,NSE,Producer manufacturing
Shree Krishna Infrastructure Ltd.,SKIFL,BSE,Consumer durables
SKIL Infrastructure Limited,SKIL,NSE,Industrial services
Skyline Ventures India Ltd,SKILVEN,BSE,Utilities
Skipper Ltd,SKIPPER,NSE,Producer manufacturing
Super Fine Knitters Ltd.,SKL,BSE,Process industries
SKM Egg Products Export (India) Ltd.,SKMEGGPROD,NSE,Process industries
SKP Bearing Industries Ltd.,SKP,NSE,Producer manufacturing
Shree Krishna Paper Mills & Industries Ltd,SKPMIL,BSE,Process industries
SKP Securities Ltd.,SKPSEC,BSE,Finance
Shukra Bullions Ltd.,SKRABUL,BSE,Consumer durables
Sky Gold and Diamonds Limited,SKYGOLD,NSE,Consumer durables
Sky Industries Limited,SKYIND,BSE,Process industries
Skyline Millars Limited,SKYLMILAR,BSE,Finance
Slone Infosystems Limited,SLONE,NSE,Distribution services
Sri Lakshmi Saraswathi Textiles (Arni) Ltd.,SLSTLQ,BSE,Process industries
Smarten Power Systems Limited,SMARTEN,NSE,Producer manufacturing
Smart Finsec Ltd.,SMARTFIN,BSE,Finance
Smartlink Holdings Limited,SMARTLINK,NSE,Electronic technology
Smartworks Coworking Spaces Limited,SMARTWORKS,NSE,Finance
SM Auto Stamping Ltd.,SMAUTO,BSE,Producer manufacturing
SMC Global Securities Ltd. (India),SMCGLOBAL,NSE,Finance
Sungold Media & Entertainment Ltd.,SMEL,BSE,Commercial services
Smiths & Founders (India) Limited,SMFIL,BSE,Producer manufacturing
S. M. Gold Ltd.,SMGOLD,BSE,Consumer durables
Soni Medicare Ltd.,SML,BSE,Health services
SML Isuzu Limited,SMLISUZU,NSE,Consumer durables
Sarthak Metals Ltd,SMLT,NSE,Non-energy minerals
Smruthi Organics Ltd,SMRUTHIORG,BSE,Health technology
SMS Lifesciences India Ltd.,SMSLIFE,NSE,Health technology
SMS Pharmaceuticals Limited,SMSPHARMA,NSE,Health technology
SMT Engineering Limited,SMTEL,BSE,Commercial services
SMVD Poly Pack Limited,SMVD,NSE,Process industries
Snehaa Organics Ltd.,SNEHAA,NSE,Industrial services
Svarnim Trade Udyog Ltd.,SNIM,BSE,Process industries
SNL Bearings Limited,SNL,BSE,Producer manufacturing
Snowman Logistics Ltd,SNOWMAN,NSE,Commercial services
Sobha Limited,SOBHA,NSE,Finance
Sobhagya Mercantile Ltd,SOBME,BSE,Non-energy minerals
Som Datt Finance Corporation Ltd,SODFC,BSE,Finance
Sofcom Systems Ltd.,SOFCOM,BSE,Technology services
Softrack Venture Investment Ltd,SOFTRAKV,BSE,Technology services
Softsol India Limited,SOFTSOL,BSE,Technology services
SoftTech Engineers Ltd.,SOFTTECH,NSE,Technology services
Solara Active Pharma Sciences Ltd.,SOLARA,NSE,Health technology
Solar Industries India Limited,SOLARINDS,NSE,Process industries
Solarium Green Energy Limited,SOLARIUM,BSE,Electronic technology
Solex Energy Ltd.,SOLEX,NSE,Producer manufacturing
Solid Stone Co. Ltd.,SOLIDSTON,BSE,Non-energy minerals
Solitaire Machine Tools Limited,SOLIMAC,BSE,Producer manufacturing
Somany Ceramics Limited,SOMANYCERA,NSE,Producer manufacturing
Soma Papers & Industries Ltd,SOMAPPR,BSE,Process industries
Soma Textiles & Industries Ltd,SOMATEX,NSE,Process industries
Somi Conveyor Beltings Limited,SOMICONVEY,NSE,Producer manufacturing
Sona BLW Precision Forgings Ltd.,SONACOMS,NSE,Producer manufacturing
Sonal Mercantile Ltd,SONAL,BSE,Finance
Sonal Adhesives Limited,SONALAD,BSE,Producer manufacturing
Sonalis Consumer Products Limited,SONALIS,BSE,Consumer non-durables
Sona Machinery Ltd.,SONAMAC,NSE,Producer manufacturing
Sonam Ltd,SONAMLTD,NSE,Consumer durables
Sonata Software Limited,SONATSOFTW,NSE,Technology services
Sonu Infratech Ltd.,SONUINFRA,NSE,Industrial services
Sotac Pharmaceuticals Limited,SOTAC,NSE,Health technology
Savita Oil Technologies Limited,SOTL,NSE,Process industries
Source Industries (India) Limited,SOURCEIND,BSE,Consumer durables
Source Natural Foods & Herbal Supplements Ltd.,SOURCENTRL,BSE,Health technology
South Indian Bank Limited,SOUTHBANK,NSE,Finance
Southern Infoconsultants Limited,SOUTHERNIN,BSE,Distribution services
Southern Magnesium & Chemicals Ltd.,SOUTHMG,BSE,Non-energy minerals
South West Pinnacle Exploration Ltd.,SOUTHWEST,NSE,Energy minerals
Southern Latex Ltd.,SOUTLAT,BSE,Finance
Sovereign Diamonds Limited,SOVERDIA,BSE,Consumer durables
SPA Capital Services Ltd.,SPACAPS,BSE,Finance
Space Incubatrics Technologies Ltd.,SPACEINCUBA,BSE,Technology services
S.P. Apparels Ltd.,SPAL,NSE,Consumer non-durables
Spandana Sphoorty Financial Limited,SPANDANA,NSE,Finance
Sparc Electrex Limited,SPAR,BSE,Electronic technology
Sun Pharma Advanced Research Co. Ltd.,SPARC,NSE,Health technology
Sparkle Gold Rock Limited,SPARKLEGR,BSE,Process industries
SP Capital Financing Ltd.,SPCAPIT,BSE,Finance
Spacenet Enterprises India Ltd.,SPCENET,NSE,Commercial services
Shivalic Power Control Limited,SPCL,NSE,Producer manufacturing
Spectrum Foods Limited,SPECFOOD,BSE,Consumer non-durables
Speciality Restaurants Ltd.,SPECIALITY,NSE,Consumer services
Spectra Industries Limited,SPECTRA,BSE,Retail trade
Spectrum Electrical Industries Limited,SPECTRUM,NSE,Electronic technology
Spectrum Talent Management Limited,SPECTSTM,NSE,Commercial services
SPEL Semiconductor Limited,SPELS,BSE,Electronic technology
Spencer's Retail Ltd.,SPENCERS,NSE,Retail trade
Spenta International Limited,SPENTA,BSE,Consumer non-durables
Southern Petrochemical Industries Corporation Limited,SPIC,NSE,Process industries
Spice Islands Industries Limited,SPICEISLIN,BSE,Process industries
SpiceJet Limited,SPICEJET,BSE,Transportation
Spice Lounge Food Works Ltd,SPICELOUNG,BSE,Retail trade
Spinaroo Commercial Limited,SPINAROO,BSE,Non-energy minerals
Maruti Interior Products Ltd.,SPITZE,BSE,Consumer durables
Swashthik Plascon Limited,SPL,BSE,Process industries
SPL Industries Limited,SPLIL,NSE,Consumer non-durables
Supreme Petrochem Limited,SPLPETRO,NSE,Process industries
SPML Infra Limited,SPMLINFRA,NSE,Industrial services
Sportking India Ltd.,SPORTKING,NSE,Process industries
SPP Polymer Ltd.,SPPPOLY,NSE,Process industries
Sprayking Ltd,SPRAYKING,BSE,Producer manufacturing
Spright Agro Limited,SPRIGHT,BSE,Distribution services
SP Refractories Ltd.,SPRL,NSE,Non-energy minerals
Shree Precoated Steels Limited,SPSL,BSE,Finance
Saptarishi Agro Industries Ltd.,SPTRSHI,BSE,Process industries
Spunweb Nonwoven Limited,SPUNWEB,NSE,Process industries
Shriram Asset Management Co. Ltd.,SRAMSET,BSE,Finance
Shankar Lal Rampal Dye-Chem Ltd.,SRD,NSE,Distribution services
Sarda Proteins Ltd.,SRDAPRT,BSE,Process industries
Sreechem Resins Ltd.,SRECR,BSE,Non-energy minerals
Sreeleathers Ltd.,SREEL,NSE,Retail trade
Srestha Finvest Ltd.,SRESTHA,BSE,Finance
Srf Limited,SRF,NSE,Process industries
SRG Housing Finance Ltd.,SRGHFL,NSE,Finance
Sree Rayalaseema Hi-Strength Hypo Limited,SRHHYPOLTD,NSE,Process industries
Sri Chakra Cement Ltd.,SRICC,BSE,Non-energy minerals
Srigee DLM Limited,SRIGEE,BSE,Producer manufacturing
Sri KPR Industries Ltd.,SRIKPRIND,BSE,Non-energy minerals
Sri Nachammai Cotton Mills Limited,SRINACHA,BSE,Process industries
Srivasavi Adhesive Tapes Limited,SRIVASAVI,NSE,Process industries
SRM Contractors Ltd.,SRM,NSE,Industrial services
Sri Ramakrishna Mills Coimbatore Ltd.,SRMCL,BSE,Finance
SRM Energy Limited,SRMENERGY,BSE,Utilities
Shree Ram Proteins Ltd.,SRPL,NSE,Process industries
Silicon Rental Solutions Ltd.,SRSOLTD,BSE,Finance
SRU Steels Limited,SRUSTEELS,BSE,Distribution services
Saraswati Saree Depot Limited,SSDL,NSE,Distribution services
Sathlokhar Synergys E&C Global Limited,SSEGL,NSE,Industrial services
Srivari Spices and Foods Limited,SSFL,NSE,Consumer non-durables
Share Samadhan Limited,SSL,BSE,Commercial services
Sir Shadi Lal Enterprises Limited,SSLEL,BSE,Process industries
SSPDL Limited,SSPDL,BSE,Finance
SSPN Finance Ltd.,SSPNFIN,BSE,Finance
Steel Strips Wheels Ltd,SSWL,NSE,Producer manufacturing
Shree Steel Wire Ropes Limited,SSWRL,BSE,Non-energy minerals
Storage Technologies & Automation Ltd.,STAL,BSE,Producer manufacturing
Stallion India Fluorochemicals Limited,STALLION,NSE,Distribution services
Standard Capital Markets Ltd.,STANCAP,BSE,Finance
Stanley Lifestyles Ltd.,STANLEY,NSE,Consumer durables
Stanpacks (India) Limited,STANPACK,BSE,Process industries
Stanrose Mafatlal Investments & Finance Ltd.,STANROS,BSE,Finance
Strides Pharma Science Ltd,STAR,NSE,Health technology
Star Cement Ltd.,STARCEMENT,NSE,Non-energy minerals
Starcom Information Technology Limited,STARCOM,BSE,Distribution services
Star Delta Transformers Ltd.,STARDELTA,BSE,Producer manufacturing
Star Health & Allied Insurance Co. Ltd.,STARHEALTH,NSE,Finance
Star Housing Finance Limited,STARHFL,BSE,Finance
Star Imaging & Path Lab Ltd.,STARIMAGIN,BSE,Health services
Starlineps Enterprises Ltd.,STARLENT,BSE,Consumer durables
Starlog Enterprises Limited,STARLOG,BSE,Transportation
Star Paper Mills Ltd.,STARPAPER,NSE,Process industries
Starteck Finance Ltd.,STARTECK,NSE,Finance
State Trading Corporation of India Limited,STCINDIA,NSE,Distribution services
S&T Corporation Limited,STCORP,BSE,Finance
Standard Batteries Limited,STDBAT,BSE,Producer manufacturing
Standard Surfactants Ltd.,STDSFAC,BSE,Consumer non-durables
Standard Shoe Sole & Mould India Ltd.,STDSHOE,BSE,Process industries
Steelcast Ltd.,STEELCAS,NSE,Non-energy minerals
Steel City Securities Ltd.,STEELCITY,NSE,Finance
Steel Exchange India Limited,STEELXIND,NSE,Non-energy minerals
STEL Holdings Limited,STEL,NSE,Finance
Stellant Securities (India) Ltd.,STELLANT,BSE,Finance
Stellar Capital Services Ltd.,STELLAR,BSE,Finance
Step Two Corporation Ltd,STEP2COR,BSE,Finance
Sterling Powergensys Limited,STERPOW,BSE,Electronic technology
Sterling Tools Limited,STERTOOLS,NSE,Producer manufacturing
South India Paper Mills Limited,STHINPA,BSE,Process industries
Shreeji Translogistics Ltd.,STL,BSE,Transportation
STL Networks Limited,STLNETWORK,NSE,Technology services
Steel Strips Infrastructures Ltd.,STLSTRINF,BSE,Finance
Sterlite Technologies Limited,STLTECH,NSE,Technology services
Steelman Telecom Ltd.,STML,BSE,Communications
Stovec Industries Limited,STOVACQ,BSE,Producer manufacturing
Stove Kraft Ltd.,STOVEKRAFT,NSE,Consumer durables
Stratmont Industries Limited,STRATMONT,BSE,Energy minerals
Sterling Green Woods Ltd.,STRGRENWO,BSE,Finance
Studio LSD Limited,STUDIOLSD,NSE,Consumer services
Sturdy Industries Ltd.,STURDY,BSE,Non-energy minerals
Stylam Industries Limited,STYLAMIND,NSE,Non-energy minerals
Baazar Style Retail Limited,STYLEBAAZA,NSE,Retail trade
Styrenix Performance Materials Ltd,STYRENIX,NSE,Process industries
Subam Papers Limited,SUBAM,BSE,Process industries
Subex Limited,SUBEXLTD,NSE,Technology services
Subros Limited,SUBROS,NSE,Producer manufacturing
Subhash Silk Mills Ltd.,SUBSM,BSE,Process industries
Super Crop Safe Limited,SUCROSA,BSE,Process industries
Sudal Industries Limited,SUDAI,BSE,Non-energy minerals
Sudarshan Chemical Industries Limited,SUDARSCHEM,NSE,Process industries
Sudarshan Pharma Industries Ltd,SUDARSHAN,BSE,Health technology
Suditi Industries Limited,SUDTIND_B,BSE,Process industries
Sugal & Damani Share Brokers Limited,SUGALDAM,BSE,Commercial services
Sugs Lloyd Limited,SUGSLLOYD,BSE,Utilities
Sujala Trading & Holdings Ltd.,SUJALA,BSE,Finance
Sukhjit Starch & Chemicals Ltd.,SUKHJITS,NSE,Consumer non-durables
Sula Vineyards Ltd.,SULA,NSE,Process industries
Sulabh Engineers & Services Ltd.,SULABEN,BSE,Finance
Sumedha Fiscal Services Ltd,SUMEDHA,BSE,Finance
Sumeet Industries Limited,SUMEETINDS,NSE,Process industries
Sumeru Industries Limited,SUMERUIND,BSE,Process industries
Sumitomo Chemical India Ltd.,SUMICHEM,NSE,Process industries
Sumit Woods Ltd.,SUMIT,NSE,Finance
Summit Securities Limited,SUMMITSEC,NSE,Miscellaneous
Sumuka Agro Industries Ltd,SUMUKA,BSE,Producer manufacturing
Suncity Synthetics Limited,SUNCITYSY,BSE,Process industries
Sundaram-Clayton Limited,SUNCLAY,NSE,Producer manufacturing
Sundaram Multi Pap Limited,SUNDARAM,NSE,Producer manufacturing
Sundaram Finance Limited,SUNDARMFIN,NSE,Finance
Sundaram Finance Holdings Ltd.,SUNDARMHLD,NSE,Finance
Sundaram Brake Linings Limited,SUNDRMBRAK,NSE,Producer manufacturing
Sundram Fasteners Limited,SUNDRMFAST,NSE,Producer manufacturing
Sundrop Brands Limited Shs Dematerialised,SUNDROP,NSE,Process industries
Sunflag Iron & Steel Co. Ltd.,SUNFLAG,NSE,Non-energy minerals
Sungold Capital Limited,SUNGOLD,BSE,Finance
Sunil Agro Foods Limited,SUNILAGR,BSE,Process industries
Sunil Industries Ltd.,SUNILTX,BSE,Consumer non-durables
Sunita Tools Limted,SUNITATOOL,BSE,Producer manufacturing
Sunlite Recycling Industries Limited,SUNLITE,NSE,Non-energy minerals
Sunil Healthcare Ltd.,SUNLOC,BSE,Health technology
Sun Pharmaceutical Industries Limited,SUNPHARMA,NSE,Health technology
Sunraj Diamond Exports Limited,SUNRAJDI,BSE,Consumer durables
Sunrakshakk Industries India Ltd,SUNRAKSHAK,BSE,Process industries
Sunrest Lifescience Limited,SUNREST,NSE,Health technology
Sun Retail Ltd.,SUNRETAIL,BSE,Consumer non-durables
Sunshield Chemicals Limited,SUNSHIEL,BSE,Process industries
Suntech Infra Solutions Limited,SUNTECH,NSE,Industrial services
Sunteck Realty Limited,SUNTECK,NSE,Finance
Sun TV Network Limited,SUNTV,NSE,Consumer services
Super Sales India Limited,SUPER,BSE,Process industries
Super Bakers (India) Ltd.,SUPERBAK,BSE,Process industries
Superhouse Limited,SUPERHOUSE,NSE,Consumer non-durables
Superior Finlease Ltd.,SUPERIOR,BSE,Finance
Super Iron Foundry Ltd.,SUPERIRON,BSE,Non-energy minerals
Supershakti Metaliks Ltd.,SUPERSHAKT,BSE,Non-energy minerals
Super Spinning Mills Limited,SUPERSPIN,NSE,Process industries
Supertex Industries Limited,SUPERTEX,BSE,Process industries
Suprajit Engineering Limited,SUPRAJIT,NSE,Producer manufacturing
Supra Pacific Financial Services Ltd,SUPRAPFSL,BSE,Commercial services
Supra Trends Ltd.,SUPRATRE,BSE,Process industries
Supreme Holdings & Hospitality (India) Limited,SUPREME,NSE,Finance
Supreme Engineering Ltd.,SUPREMEENG,NSE,Non-energy minerals
Supreme Industries Limited,SUPREMEIND,NSE,Producer manufacturing
Supreme Infrastructure India Limited,SUPREMEINF,NSE,Industrial services
Supreme Power Equipment Ltd.,SUPREMEPWR,NSE,Producer manufacturing
Supriya Lifescience Limited,SUPRIYA,NSE,Health technology
Super Tannery Ltd.,SUPTANERY,BSE,Process industries
Suraj Products Limited,SURAJ,BSE,Non-energy minerals
Suraj Limited,SURAJLTD,NSE,Non-energy minerals
Suraksha Diagnostic Ltd.,SURAKSHA,NSE,Health services
Surana Solar Limited,SURANASOL,NSE,Electronic technology
Surana Telecom & Power Ltd.,SURANAT&P,NSE,Distribution services
Surani Steel Tubes Ltd.,SURANI,NSE,Non-energy minerals
Surat Trade & Mercantile Limited,SURATRAML,BSE,Process industries
Surbhi Industries Ltd,SURBHIN,BSE,Process industries
Suryo Foods & Industries Ltd.,SURFI,BSE,Process industries
Suraj Industries Ltd,SURJIND,BSE,Process industries
Suryaamba Spinning Mills Limited,SURYAAMBA,BSE,Process industries
Suryalata Spinning Mills Limited,SURYALA,BSE,Process industries
Suryalakshmi Cotton Mills Ltd.,SURYALAXMI,NSE,Process industries
Surya Roshni Limited,SURYAROSNI,NSE,Non-energy minerals
Suryoday Small Finance Bank Limited,SURYODAY,NSE,Finance
Suryavanshi Spinning Mills Limited,SURYVANSP,BSE,Process industries
Sutlej Textiles & Industries Ltd.,SUTLEJTEX,NSE,Process industries
Suumaya Industries Ltd.,SUULD,NSE,Consumer non-durables
Suumaya Corporation Limited,SUUMAYA,BSE,Commercial services
Suven Life Sciences Limited,SUVEN,NSE,Health technology
Suvidhaa Infoserve Limited,SUVIDHAA,NSE,Commercial services
Suyog Telematics Ltd.,SUYOG,NSE,Industrial services
Suzlon Energy Ltd,SUZLON,NSE,Producer manufacturing
Svam Software Limited,SVAMSOF,BSE,Technology services
Swasti Vinayaka Art & Heritage Corp. Ltd.,SVARTCORP,BSE,Finance
SVC Industries Ltd,SVCIND,BSE,Process industries
S V Global Mill Ltd.,SVGLOBAL,BSE,Finance
S.V.J. Enterprises Ltd.,SVJ,BSE,Consumer non-durables
Shree Vasu Logistics Ltd.,SVLL,NSE,Transportation
SVP Global Textiles Limited,SVPGLOB,NSE,Distribution services
Shri Venkatesh Refineries Limited,SVRL,BSE,Process industries
SVS Ventures Ltd.,SVS,BSE,Commercial services
SW Investments Ltd.,SW1,BSE,Finance
Swadeshi Industries & Leasing Ltd.,SWADEIN,BSE,Process industries
Swadha Nature Ltd,SWADHATURE,BSE,Process industries
Swadeshi Polytex Ltd,SWADPOL,BSE,Process industries
Swagtam Trading & Services Ltd.,SWAGTAM,BSE,Finance
New Swan Multitech Limited,SWANAGRO,BSE,Producer manufacturing
Swan Corp Limited,SWANCORP,NSE,Utilities
Swan Defence and Heavy Industries Ltd,SWANDEF,NSE,Producer manufacturing
Swaraj Suiting Limited,SWARAJ,NSE,Process industries
Swaraj Engines Ltd,SWARAJENG,NSE,Producer manufacturing
Swarnsarita Jewels India Limited,SWARNSAR,BSE,Consumer durables
Swasth Foodtech India Limited,SWASTH,BSE,Consumer non-durables
Swastik Pipe Ltd.,SWASTIK,NSE,Producer manufacturing
Swastika Investmart Limited,SWASTIKA,BSE,Finance
Swastika Castal Ltd,SWASTIKAAL,BSE,Producer manufacturing
Swasti Vinayaka Synthetics Limited,SWASTIVI,BSE,Process industries
Swati Projects Limited,SWATIPRO,BSE,Finance
Swelect Energy Systems Limited,SWELECTES,NSE,Producer manufacturing
Swiggy Limited,SWIGGY,NSE,Transportation
Swiss Military Consumer Goods Limited,SWISSMLTRY,BSE,Distribution services
Switching Technologies Gunther Limited,SWITCHTE,BSE,Producer manufacturing
Swojas Foods Ltd.,SWOJAS,BSE,Process industries
Swarna Securities Limited,SWRNASE,BSE,Finance
Sterling And Wilson Renewable Energy Limited,SWSOLAR,NSE,Industrial services
Sybly Industries Limited,SYBLY,BSE,Process industries
Sylph Technologies Limited,SYLPH,BSE,Technology services
Sylvan Plyboard (India) Limited,SYLVANPLY,NSE,Non-energy minerals
Symbiox Investment & Trading Co. Ltd.,SYMBIOX,BSE,Finance
Symphony Limited,SYMPHONY,NSE,Producer manufacturing
Syncom Formulation (India) Ltd.,SYNCOMF,NSE,Health technology
Syngene International Ltd.,SYNGENE,NSE,Commercial services
Synoptics Technologies Limited,SYNOPTICS,NSE,Technology services
Synthiko Foils Limited,SYNTHFO,BSE,Producer manufacturing
Syrma SGS Technology Limited,SYRMA,NSE,Electronic technology
Syschem India Ltd.,SYSCHEM,BSE,Health technology
Systango Technologies Limited,SYSTANGO,NSE,Technology services
Systematix Corporate Services Limited,SYSTMTXC,BSE,Finance
Systematix Securities Ltd.,SYTIXSE,BSE,Finance
TAAL Enterprises Ltd,TAALENT,BSE,Transportation
TAC Infosec Limited,TAC,NSE,Technology services
Tahmar Enterprises Ltd,TAHMARENT,BSE,Process industries
TAI Industries Ltd,TAIIND,BSE,Distribution services
Tainwala Chemicals & Plastics (India) Ltd,TAINWALCHM,NSE,Process industries
TAJGVK Hotels & Resorts Ltd.,TAJGVK,NSE,Consumer services
TAKE Solutions Limited,TAKE,NSE,Technology services
Takyon Networks Limited,TAKYON,BSE,Technology services
Talbros Automotive Components Limited,TALBROAUTO,NSE,Producer manufacturing
Talbros Engineering Ltd.,TALBROSENG,BSE,Non-energy minerals
Tamboli Industries Ltd,TAMBOLIIN,BSE,Finance
Taneja Aerospace & Aviation Ltd.,TANAA,BSE,Electronic technology
TANFAC Industries Limited,TANFACIND,BSE,Process industries
Tankup Engineers Limited,TANKUP,NSE,Producer manufacturing
Tanla Platforms Ltd,TANLA,NSE,Technology services
Tanvi Foods India Ltd.,TANVI,BSE,Distribution services
Taparia Tools Ltd.,TAPARIA,BSE,Consumer durables
Tapi Fruit Processing Ltd.,TAPIFRUIT,NSE,Consumer non-durables
Tara Chand Infralogistic Solutions Limited,TARACHAND,NSE,Finance
Tarai Foods Limited,TARAI,BSE,Consumer non-durables
Tarapur Transformers Limited,TARAPUR,NSE,Producer manufacturing
TARC Limited,TARC,NSE,Finance
Transformers and Rectifiers (India) Limited,TARIL,NSE,Producer manufacturing
Tarini International Ltd,TARINI,BSE,Industrial services
Tarmat Ltd.,TARMAT,NSE,Industrial services
Tarsons Products Limited,TARSONS,NSE,Process industries
Tasty Bite Eatables Ltd,TASTYBITE,NSE,Consumer non-durables
Tata Chemicals Limited,TATACHEM,NSE,Process industries
Tata Communications Limited,TATACOMM,NSE,Communications
Tata Consumer Products Limited,TATACONSUM,NSE,Consumer non-durables
Tata Elxsi Limited,TATAELXSI,NSE,Technology services
Tata Investment Corporation Limited,TATAINVEST,NSE,Finance
Tata Motors Limited,TATAMOTORS,NSE,Consumer durables
Tata Power Company Limited,TATAPOWER,NSE,Utilities
Tata Steel Limited,TATASTEEL,NSE,Non-energy minerals
Tata Technologies Limited,TATATECH,NSE,Technology services
Tatia Global Vennture Ltd.,TATIAGLOB,BSE,Finance
Tatva Chintan Pharma Chem Limited,TATVA,NSE,Process industries
Taurian MPS Limited,TAURIAN,NSE,Producer manufacturing
Tavernier Resources Limited,TAVERNIER,BSE,Distribution services
TBI Corn Limited,TBI,NSE,Process industries
TBO Tek Ltd.,TBOTEK,NSE,Technology services
Tribhovandas Bhimji Zaveri Limited,TBZ,NSE,Consumer durables
TCC Concept Ltd,TCC,BSE,Distribution services
TCFC Finance Limited,TCFCFINQ,BSE,Finance
Transport Corporation of India Limited,TCI,NSE,Transportation
TCI Express Ltd.,TCIEXP,NSE,Transportation
TCI Finance Limited,TCIFINANCE,NSE,Finance
TCI Industries Limited,TCIIND,BSE,Finance
Thaai Casting Limited,TCL,NSE,Producer manufacturing
TCM Limited,TCMLMTD,BSE,Process industries
TCPL Packaging Limited,TCPLPACK,NSE,Commercial services
Tata Consultancy Services Limited,TCS,NSE,Technology services
TD Power Systems Limited,TDPOWERSYS,NSE,Producer manufacturing
Tasty Dairy Specialities Ltd.,TDSL,BSE,Consumer non-durables
Team India Guaranty Ltd,TEAMGTY,NSE,Finance
TeamLease Services Limited,TEAMLEASE,NSE,Commercial services
Techera Engineering India Ltd.,TECHERA,NSE,Producer manufacturing
Techknowgreen Solutions Limited,TECHKGREEN,BSE,Commercial services
Trident Techlabs Limited,TECHLABS,NSE,Distribution services
Tech Mahindra Limited,TECHM,NSE,Technology services
Technichem Organics Limited,TECHNICHEM,BSE,Process industries
Techno Electric & Engineering Company Limited,TECHNOE,NSE,Industrial services
Technopack Polymers Ltd.,TECHNOPACK,BSE,Producer manufacturing
TechNVision Ventures Ltd.,TECHNVISN,BSE,Technology services
TECIL Chemicals & Hydro Power Ltd,TECILCHEM,NSE,Process industries
Teesta Agro Industries Ltd,TEEAI,BSE,Process industries
Tega Industries Ltd.,TEGA,NSE,Distribution services
Tejas Cargo India Limited,TEJASCARGO,NSE,Transportation
Tejas Networks Ltd.,TEJASNET,NSE,Electronic technology
Tejassvi Aaharam Ltd.,TEJASSVI,BSE,Process industries
Tejnaksh Healthcare Ltd.,TEJNAKSH,BSE,Health services
TeleCanor Global Limited,TELECANOR,BSE,Technology services
Telogica Ltd,TELOGICA,BSE,Electronic technology
Tembo Global Industries Ltd.,TEMBO,NSE,Producer manufacturing
Terai Tea Co. Ltd.,TERAI,BSE,Consumer non-durables
Tera Software Limited,TERASOFT,NSE,Technology services
Texel Industries Ltd,TEXELIN,BSE,Consumer durables
Texmaco Infrastructure & Holdings Limited,TEXINFRA,NSE,Utilities
Texmo Pipes & Products Ltd.,TEXMOPIPES,NSE,Producer manufacturing
Texmaco Rail & Engineering Limited,TEXRAIL,NSE,Producer manufacturing
TOURISM FINANCE CORP. OF,TFCILTD,NSE,Finance
Transwarranty Finance Limited,TFL,NSE,Finance
TGB Banquets & Hotels Ltd.,TGBHOTELS,NSE,Consumer services
TGIF Agribusiness Ltd.,TGIF,BSE,Process industries
Teerth Gopicon Ltd.,TGL,NSE,Industrial services
TGV SRAAC Ltd,TGVSL,BSE,Process industries
Thacker and Company Limited,THACKER,BSE,Finance
Thakker's Developers Ltd.,THAKDEV,BSE,Consumer durables
Thakral Services (India) Ltd,THAKRAL,BSE,Electronic technology
Thangamayil Jewellery Ltd.,THANGAMAYL,NSE,Consumer durables
Investment Trust of India Limited,THEINVEST,NSE,Finance
Thejo Engineering Ltd.,THEJO,NSE,Distribution services
Schloss Bangalore Ltd.,THELEELA,NSE,Consumer services
Themis Medicare Limited,THEMISMED,NSE,Health technology
Thermax Limited.,THERMAX,NSE,Producer manufacturing
Thinking Hats Entertainment Solutions Limited,THESL,NSE,Commercial services
Thinkink Picturez Ltd.,THINKINK,BSE,Consumer services
Thomas Cook (India) Limited,THOMASCOOK,NSE,Consumer services
Thomas Scott (India) Limited,THOMASCOTT,NSE,Consumer non-durables
Thyrocare Technologies Ltd,THYROCARE,NSE,Health services
Tilaknagar Industries Limited,TI,NSE,Consumer non-durables
Tiaan Consumer Limited,TIAANC,BSE,Health technology
Twamev Construction And Infrastructure Limited,TICL,NSE,Industrial services
Tierra Agrotech Limited,TIERRA,BSE,Process industries
Tiger Logistics (India) Ltd.,TIGERLOGS,BSE,Transportation
T&I Global Ltd.,TIGLOB,BSE,Consumer non-durables
Trans India House Impex Limited,TIHIL,BSE,Electronic technology
Technocraft Industries (India) Limited,TIIL,NSE,Producer manufacturing
Tube Investments of India Limited,TIINDIA,NSE,Non-energy minerals
Tijaria Polypipes Limited,TIJARIA,NSE,Producer manufacturing
TIL Ltd.,TIL,NSE,Producer manufacturing
Tilak Ventures Ltd,TILAK,BSE,Process industries
Timescan Logistics (India) Limited,TIMESCAN,NSE,Transportation
Times Green Energy (India) Ltd.,TIMESGREEN,BSE,Process industries
Time Technoplast Limited,TIMETECHNO,NSE,Process industries
Timex Group India Limited,TIMEX,BSE,Consumer durables
Timken India Limited,TIMKEN,NSE,Producer manufacturing
Tinna Rubber & Infrastructure Limited,TINNARUBR,NSE,Process industries
Tips Films Limited,TIPSFILMS,NSE,Consumer services
Tips Music Limited,TIPSMUSIC,NSE,Consumer services
Tirupati Sarjan Limited,TIRSARJ,BSE,Finance
Tirth Plastic Ltd,TIRTPLS,BSE,Process industries
Tirupati Foam Ltd,TIRUFOAM,BSE,Consumer durables
Thirumalai Chemicals Limited,TIRUMALCHM,NSE,Process industries
Shree Tirupati Balajee FIBC Ltd.,TIRUPATI,NSE,Process industries
Tirupati Forge Ltd.,TIRUPATIFL,NSE,Producer manufacturing
Tirupati Starch & Chemicals Limited,TIRUSTA,BSE,Consumer non-durables
Titaanium Ten Enterprise Ltd.,TITAANIUM,BSE,Process industries
Titagarh Rail Systems Ltd,TITAGARH,NSE,Producer manufacturing
Titan Company Limited,TITAN,NSE,Consumer durables
Titan Biotech Limited,TITANBIO,BSE,Health technology
Titan Intech Limited,TITANIN,BSE,Electronic technology
Titan Securities Limited,TITANSEC,BSE,Finance
Trident Lifeline Ltd.,TLL,BSE,Health technology
Tamilnad Mercantile Bank Limited,TMB,NSE,Finance
Tamilnadu Petro Products Ltd.,TNPETRO,NSE,Process industries
Tamil Nadu Newsprint & Papers Ltd.,TNPL,NSE,Process industries
Tamilnadu Steel Tubes Ltd.,TNSTLTU,BSE,Non-energy minerals
Tamilnadu Telecommunications Ltd.,TNTELE,NSE,Producer manufacturing
Tokyo Finance Ltd. (India),TOKYOFIN,BSE,Finance
Tokyo Plast International Ltd,TOKYOPLAST,NSE,Producer manufacturing
Tolins Tyres Limited,TOLINS,NSE,Consumer durables
Torrent Pharmaceuticals Ltd,TORNTPHARM,NSE,Health technology
Torrent Power Limited,TORNTPOWER,NSE,Utilities
Total Transport Systems Ltd.,TOTAL,NSE,Transportation
Forbes Precision Tools and Machine Parts Limited,TOTEM,BSE,Producer manufacturing
Touchwood Entertainment Ltd.,TOUCHWOOD,NSE,Commercial services
Toyam Sports Limited,TOYAMSL,BSE,Finance
Teamo Productions HQ Limited,TPHQ,NSE,Industrial services
TPI India Ltd.,TPINDIA,BSE,Process industries
TPL Plastech Limited,TPLPLASTEH,NSE,Process industries
Thirani Projects Ltd,TPROJECT,BSE,Finance
Transgene Biotek Limited.,TRABI,BSE,Health technology
Tracxn Technologies Ltd.,TRACXN,NSE,Technology services
Tradewell Holdings Limited,TRADEWELL,BSE,Finance
Transchem Limited,TRANSCHEM,BSE,Health technology
Transcorp International Limited,TRANSCOR,BSE,Commercial services
Transglobe Foods Ltd.,TRANSFD,BSE,Consumer non-durables
Trans Freight Containers Limited,TRANSFRE,BSE,Process industries
Transpact Enterprises Ltd.,TRANSPACT,BSE,Health technology
Transpek Industry Limited,TRANSPEK,BSE,Process industries
Transrail Lighting Limited,TRANSRAILL,NSE,Industrial services
Transteel Seating Technologies Limited,TRANSTEEL,NSE,Producer manufacturing
Transvoy Logistics India Ltd.,TRANSVOY,BSE,Transportation
Transwind Infrastructures Ltd.,TRANSWIND,NSE,Industrial services
Transworld Shipping Lines Ltd,TRANSWORLD,NSE,Transportation
Tranway21 Technologies Ltd.,TRANWAY21,BSE,Technology services
Travel Food Services Limited,TRAVELFOOD,NSE,Consumer services
Travels & Rentals Ltd.,TRAVELS,BSE,Consumer services
Tree House Education & Accessories Limited,TREEHOUSE,NSE,Consumer services
Trejhara Solutions Ltd.,TREJHARA,NSE,Technology services
TransIndia Real Estate Limited,TREL,NSE,Finance
Trent Limited,TRENT,NSE,Retail trade
Trescon Ltd.,TRESCON,BSE,Commercial services
TRF Limited.,TRF,NSE,Producer manufacturing
Tricom Fruit Products Limited.,TRICOMFRU,BSE,Consumer non-durables
Trident Limited,TRIDENT,NSE,Process industries
Tridhya Tech Limited,TRIDHYA,NSE,Technology services
Trigyn Technologies Limited,TRIGYN,NSE,Technology services
Triliance Polymers Limited,TRILIANCE,BSE,Finance
Trinity League India Ltd.,TRINITYLEA,BSE,Health technology
Trio Mercantile & Trading Ltd.,TRIOMERC,BSE,Finance
Trishakti Industries Ltd,TRISHAKT,BSE,Industrial services
Triton Corp Limited,TRITON,BSE,Technology services
Triton Valves Limited,TRITONV,BSE,Consumer durables
Triveni Turbine Limited,TRITURBINE,NSE,Producer manufacturing
Triumph International Finance India Ltd,TRIUMPIN,BSE,Finance
Triveni Engineering and Industries Limited,TRIVENI,NSE,Process industries
Triveni Enterprises Ltd,TRIVENIENT,BSE,Distribution services
Triveni Glass Limited,TRIVENIGQ,BSE,Process industries
Taylormade Renewables Ltd.,TRL,BSE,Producer manufacturing
Trom Industries Limited,TROM,NSE,Industrial services
TruCap Finance Limited,TRU,NSE,Finance
True Green Bio Energy Ltd,TRUEGREEN,BSE,Process industries
Trust Fintech Limited,TRUST,NSE,Technology services
Trustedge Capital Limited,TRUSTEDGE,BSE,Finance
Trustwave Securities Ltd,TRUSTWAVE,BSE,Finance
TSC India Limited,TSC,NSE,Consumer services
T. Spiritual World Limited,TSPIRITUAL,BSE,Distribution services
Toss The Coin Ltd.,TTC,BSE,Commercial services
Trident Texofab Ltd.,TTFL,BSE,Process industries
Tomorrow Technologies Global Innovations Ltd,TTGIL,BSE,Technology services
TTI Enterprise Ltd,TTIENT,BSE,Miscellaneous
Tirupati Tyres Ltd,TTIL,BSE,Distribution services
TTK Healthcare Limited,TTKHLTCARE,NSE,Health technology
TTK Prestige Limited,TTKPRESTIG,NSE,Consumer durables
T T Limited,TTL,NSE,Process industries
Tata Teleservices (Maharashtra) Limited,TTML,NSE,Communications
Tulasee Bio-Ethanol Ltd.,TULASEEBIOE,BSE,Process industries
Tulive Developers Limited,TULIVE,BSE,Finance
Tulsyan Nec Limited,TULSYAN,BSE,Non-energy minerals
Tuni Textile Mills Limited,TUNITEX,BSE,Process industries
Tunwal E-Motors Limited,TUNWAL,NSE,Consumer durables
Tuticorin Alkali Chemicals & Fertilizers Limited,TUTIALKA,BSE,Process industries
TVS Electronics Limited,TVSELECT,NSE,Electronic technology
TVS Holdings Limited,TVSHLTD,NSE,Producer manufacturing
TVS Motor Company Limited,TVSMOTOR,NSE,Consumer durables
TVS Supply Chain Solutions Ltd.,TVSSCS,NSE,Transportation
TVS Srichakra Limited,TVSSRICHAK,NSE,Consumer durables
TV Today Network Ltd.,TVTODAY,NSE,Consumer services
TV Vision Ltd.,TVVISION,NSE,Consumer services
Tyche Industries Limited,TYCHE,BSE,Health technology
Tyroon Tea Company Limited,TYROON,BSE,Process industries
United Breweries Limited,UBL,NSE,Consumer non-durables
UCAL Limited,UCAL,NSE,Producer manufacturing
Unifinz Capital India Limited,UCIL,BSE,Finance
Ushanti Colour Chem Ltd.,UCL,NSE,Process industries
UCO Bank,UCOBANK,NSE,Finance
Uday Jewellery Industries Ltd.,UDAYJEW,BSE,Consumer durables
Updater Services Limited,UDS,NSE,Commercial services
Ujaas Energy Limited,UEL,NSE,Utilities
UFlex Limited,UFLEX,NSE,Process industries
UFO Moviez India Ltd.,UFO,NSE,Consumer services
Ugar Sugar Works Ltd,UGARSUGAR,NSE,Process industries
Ugro Capital Limited,UGROCAP,NSE,Finance
United Heat Transfer Ltd.,UHTL,NSE,Producer manufacturing
U. H. Zaveri Ltd.,UHZAVERI,BSE,Retail trade
Ujjivan Small Finance Bank Ltd.,UJJIVANSFB,NSE,Finance
Ultracab (India) Ltd,ULTRACAB,BSE,Producer manufacturing
UltraTech Cement Limited,ULTRACEMCO,NSE,Non-energy minerals
Ultramarine & Pigments Limited,ULTRAMAR,BSE,Process industries
Uma Converter Limited,UMA,NSE,Process industries
Uma Exports Ltd.,UMAEXPORTS,NSE,Distribution services
Usha Martin Education & Solutions Limited,UMESLTD,NSE,Producer manufacturing
Umiya Tubes Ltd.,UMIYA,BSE,Non-energy minerals
Umiya Buildcon Limited,UMIYA_MRO,NSE,Electronic technology
Umiya Mobile Ltd.,UML,BSE,Retail trade
Uni-Abex Alloy Products Limited,UNIABEXAL,BSE,Producer manufacturing
Universal Autofoundry Ltd.,UNIAUTO,BSE,Non-energy minerals
Unichem Laboratories Limited,UNICHEMLAB,NSE,Health technology
Unick Fix-A-Form & Printers Ltd,UNICK,BSE,Commercial services
United Drilling Tools Limited,UNIDT,NSE,Industrial services
Unicommerce eSolutions Limited,UNIECOM,NSE,Technology services
Uniphos Enterprises Limited,UNIENTER,NSE,Producer manufacturing
Unified Data- Tech Solutions Limited,UNIFIED,BSE,Technology services
Unihealth Hospitals Ltd,UNIHEALTH,NSE,Health services
Uniinfo Telecom Services Ltd.,UNIINFO,NSE,Communications
Unilex Colours & Chemicals Limited,UNILEX,NSE,Process industries
Unimech Aerospace & Manufacturing Limited,UNIMECH,NSE,Producer manufacturing
Universal Office Automation Limited,UNIOFFICE,BSE,Electronic technology
Union Bank of India Limited,UNIONBANK,NSE,Finance
Uniparts India Ltd.,UNIPARTS,NSE,Producer manufacturing
Unique Organics Limited,UNIQUEO,BSE,Consumer non-durables
Uniroyal Industries Limited,UNIROYAL,BSE,Process industries
Unishire Urban Infra Ltd.,UNISHIRE,BSE,Consumer durables
Unison Metals Ltd,UNISON,BSE,Non-energy minerals
United Credit Ltd,UNITDCR,BSE,Finance
United Spirits Limited,UNITDSPR,NSE,Consumer non-durables
Unitech Limited,UNITECH,NSE,Industrial services
United Interactive Limited,UNITEDINT,BSE,Technology services
United Polyfab Gujarat Ltd,UNITEDPOLY,NSE,Process industries
United Textiles Limited,UNITEDTE,BSE,Process industries
United Nilgiri Tea Estates Co. Ltd.,UNITEDTEA,NSE,Consumer non-durables
Unitech International Limited,UNITINT,BSE,Non-energy minerals
Univa Foods Limited,UNIVAFOODS,NSE,Miscellaneous
Universal Arts Limited,UNIVARTS,BSE,Consumer services
Univastu India Ltd.,UNIVASTU,NSE,Industrial services
Universal Cables Limited,UNIVCABLES,NSE,Electronic technology
Universus Photo Imagings Ltd,UNIVPHOTO,NSE,Consumer durables
Universal Starch-Chem Allied Limited,UNIVSTAR,BSE,Consumer non-durables
Unjha Formulations Limited,UNJHAFOR,BSE,Distribution services
UNO Minda Limited,UNOMINDA,NSE,Producer manufacturing
Union Quality Plastics Ltd.,UNQTYMI,BSE,Process industries
Uniroyal Marine Exports Ltd,UNRYLMA,BSE,Distribution services
United Leasing & Industries Ltd.,UNTTEMI,BSE,Finance
U P Hotels Limited,UPHOT,BSE,Consumer services
UPL Limited,UPL,NSE,Process industries
Upsurge Investment and Finance Limited,UPSURGE,BSE,Finance
Uravi Defence and Technology Limited,URAVIDEF,NSE,Producer manufacturing
Urban Enviro Waste Management Limited,URBAN,NSE,Transportation
Urban Company Limited,URBANCO,NSE,Technology services
Urja Global Limited,URJA,NSE,Electronic technology
UR Sugar Industries Ltd,URSUGAR,BSE,Distribution services
Upsurge Seeds of Agriculture Ltd.,USASEEDS,NSE,Process industries
USG Tech Solutions Limited,USGTECH,BSE,Technology services
Usha Financial Services Limited,USHAFIN,NSE,Finance
Ushakiran Finance Limited,USHAKIRA,BSE,Finance
Usha Martin Limited,USHAMART,NSE,Producer manufacturing
Udayshivakumar Infra Ltd.,USK,NSE,Industrial services
UTI Asset Management Co. Ltd.,UTIAMC,NSE,Finance
Utique Enterprises Ltd,UTIQUE,BSE,Finance
Utkarsh Small Finance Bank Limited,UTKARSHBNK,NSE,Finance
UTL Industries Ltd.,UTLINDS,BSE,Distribution services
Utssav CZ Gold Jewels Limited,UTSSAV,NSE,Consumer durables
Uttam Sugar Mills Limited,UTTAMSUGAR,NSE,Process industries
United Van Der Horst Ltd.,UVDRHOR,BSE,Producer manufacturing
UVS Hospitality and Services Ltd,UVS,BSE,Distribution services
Ultra Wiring Connectivity System Ltd.,UWCSL,NSE,Producer manufacturing
U. Y. Fincorp Limited,UYFINCORP,NSE,Finance
V2 Retail Limited,V2RETAIL,NSE,Retail trade
Vaarad Ventures Limited,VAARAD,BSE,Retail trade
Vadilal Industries Limited,VADILALIND,NSE,Consumer non-durables
Vadilal Enterprises Limited,VADILENT,BSE,Consumer non-durables
Vaghani Techno-Build Ltd.,VAGHANI,BSE,Consumer durables
Vaibhav Global Ltd.,VAIBHAVGBL,NSE,Consumer durables
Vaishno Cement Co Ltd,VAICC,BSE,Non-energy minerals
Vaishali Pharma Ltd.,VAISHALI,NSE,Health technology
Vakrangee Limited,VAKRANGEE,NSE,Retail trade
Valencia Nutrition Ltd.,VALENCIA,BSE,Consumer non-durables
Valiant Communications Limited,VALIANT,BSE,Electronic technology
Valiant Laboratories Ltd.,VALIANTLAB,NSE,Health technology
Valiant Organics Limited,VALIANTORG,NSE,Process industries
Valencia India Limited,VALINDIA,BSE,Finance
Vallabh Steels Limited,VALLABHSQ,BSE,Non-energy minerals
Valson Industries Limited,VALSONQ,BSE,Process industries
Vama Industries Limited,VAMA,BSE,Technology services
Vamshi Rubber Limited,VAMSHIRU,BSE,Producer manufacturing
Vandan Foods Limited,VANDAN,BSE,Consumer non-durables
Leo Dryfruits & Spices Trading Ltd.,VANDU,BSE,Consumer non-durables
Vani Commercials Ltd,VANICOM,BSE,Finance
Vanta Bioscience Ltd.,VANTABIO,BSE,Health technology
Vapi Enterprise Ltd,VAPIENTER,BSE,Finance
Vardhman Acrylics Ltd.,VARDHACRLC,NSE,Consumer non-durables
Vardhman Concrete Limited,VARDHMAN,BSE,Producer manufacturing
Vardhman Polytex Ltd,VARDMNPOLY,NSE,Process industries
Variman Global Enterprises Ltd.,VARIMAN,BSE,Consumer durables
Varroc Engineering Limited,VARROC,NSE,Producer manufacturing
Varyaa Creations Ltd.,VARYAA,BSE,Consumer durables
Vasa Retail & Overseas Ltd.,VASA,NSE,Process industries
Vascon Engineers Limited,VASCONEQ,NSE,Industrial services
Vashishtha Luxury Fashion Limited,VASHISHTHA,BSE,Consumer non-durables
Vas Infrastructure Limited,VASINFRA,BSE,Finance
Vasudhagama Enterprises Limited,VASUDHAGAM,BSE,Government
Shri Vasuprada Plantations Limited.,VASUPRADA,BSE,Consumer non-durables
Vaswani Industries Limited,VASWANI,NSE,Non-energy minerals
V.B. Desai Financial Services Limited,VBDESAI,BSE,Commercial services
V. B. Industries Limited,VBIND,BSE,Finance
Varun Beverages Ltd.,VBL,NSE,Consumer non-durables
Vaxtex Cotfab Ltd,VCL,NSE,Process industries
VCU Data Management Ltd.,VCU,BSE,Electronic technology
Vdeal System Ltd.,VDEAL,NSE,Producer manufacturing
Vedant Asset Ltd.,VEDANTASSET,BSE,Finance
Vedavaag Systems Limited,VEDAVAAG,BSE,Technology services
Vedanta Limited,VEDL,NSE,Non-energy minerals
Veedol Corp. Ltd,VEEDOL,NSE,Energy minerals
Veefin Solutions Ltd.,VEEFIN,BSE,Technology services
Veekayem Fashion And Apparels Limited,VEEKAYEM,NSE,Process industries
Veer Energy & Infrastructure Limited,VEERENRGY,BSE,Industrial services
Veerhealth Care Limited,VEERHEALTH,BSE,Health technology
Veerkrupa Jewellers Ltd.,VEERKRUPA,BSE,Retail trade
Vega Jewellers Limited,VEGA,BSE,Distribution services
Vaxfab Enterprises Limited,VEL,BSE,Distribution services
Velan Hotels Limited,VELHO,BSE,Consumer services
Veljan Denison Limited,VELJAN,BSE,Producer manufacturing
Vels Film International Ltd.,VELS,NSE,Consumer services
Venky's (India) Limited,VENKEYS,NSE,Process industries
Venlon Enterprises Limited,VENLONENT,BSE,Utilities
Venmax Drugs & Pharmaceuticals Ltd.,VENMAX,BSE,Health technology
Ventive Hospitality Limited,VENTIVE,NSE,Consumer services
Ventura Textiles Limited,VENTURA,BSE,Process industries
Venus Pipes & Tubes Ltd.,VENUSPIPES,NSE,Non-energy minerals
Venus Remedies Limited,VENUSREM,NSE,Health technology
Veranda Learning Solutions Ltd.,VERANDA,NSE,Commercial services
Veritaas Advertising Ltd.,VERITAAS,NSE,Commercial services
Veritas (India) Limited,VERITAS,BSE,Distribution services
Vertex Securities Limited,VERTEX,BSE,Finance
Vertexplus Technologies Ltd.,VERTEXPLUS,NSE,Commercial services
Vertoz Ltd,VERTOZ,NSE,Commercial services
Vesuvius India Ltd,VESUVIUS,NSE,Non-energy minerals
Veto Switchgears & Cables Ltd.,VETO,NSE,Producer manufacturing
Vibrant Global Capital Ltd,VGCL,BSE,Finance
Veer Global Infraconstruction Ltd.,VGIL,BSE,Finance
Virtual Galaxy Infotech Ltd.,VGINFOTECH,NSE,Technology services
V-Guard Industries Limited,VGUARD,NSE,Producer manufacturing
Vardhman Holdings Limited,VHL,NSE,Finance
Viceroy Hotels Ltd,VHLTD,NSE,Consumer services
Viaz Tyres Ltd.,VIAZ,NSE,Consumer durables
Victoria Mills Limited,VICTMILL,BSE,Process industries
Vidhi Specialty Food Ingredients Ltd,VIDHIING,NSE,Consumer non-durables
Vision Infra Equipment Solutions Limited,VIESL,NSE,Finance
Vigor Plast India Limited,VIGOR,NSE,Producer manufacturing
Vijaya Diagnostic Centre Ltd.,VIJAYA,NSE,Health services
Vijay Textiles Ltd,VIJAYTX,BSE,Process industries
Viji Finance Ltd.,VIJIFIN,NSE,Finance
Vijay Solvex Ltd.,VIJSOLX,BSE,Process industries
Vikalp Securities Ltd.,VIKALPS,BSE,Finance
Vikas EcoTech Limited,VIKASECO,NSE,Process industries
Vikas Lifecare Limited,VIKASLIFE,NSE,Distribution services
Vikas Proppant & Granite Limited,VIKASPROP,BSE,Process industries
Vikas Wsp Limited,VIKASWSP,BSE,Consumer non-durables
Vikram Aroma Limited,VIKRAMAR,BSE,Process industries
Vikram Solar Limited,VIKRAMSOLR,NSE,Electronic technology
Vikram Thermo (India) Limited,VIKRAMTH,BSE,Health technology
Vikran Engineering Limited,VIKRAN,NSE,Industrial services
Vilas Transcore Limited,VILAS,NSE,Electronic technology
Vilin Bio Med Ltd.,VILINBIO,NSE,Health technology
Vimta Labs Limited,VIMTALABS,NSE,Commercial services
Vinati Organics Limited,VINATIORGA,NSE,Process industries
Vinayak Polycon International Ltd.,VINAYAKPOL,BSE,Process industries
Vintage Coffee and Beverages Limited,VINCOFE,NSE,Distribution services
Vindhya Telelinks Limited,VINDHYATEL,NSE,Industrial services
Vineet Laboratories Ltd.,VINEETLAB,NSE,Process industries
Vinny Overseas Ltd.,VINNY,NSE,Process industries
Vinsys IT Services India Private Limited,VINSYS,NSE,Commercial services
Vintage Securities Ltd.,VINTAGES,BSE,Finance
Vintron Informatics Limited,VINTRON,BSE,Electronic technology
Vinyas Innovative Technologies Limited,VINYAS,NSE,Electronic technology
Vinyl Chemicals (India) Limited,VINYLINDIA,NSE,Distribution services
Vinyoflex Limited,VINYOFL,BSE,Process industries
VIP Clothing Limited,VIPCLOTHNG,NSE,Consumer non-durables
V.I.P.INDUSTRIES LTD.,VIPIND,NSE,Consumer durables
Vippy Spinpro Limited,VIPPYSP,BSE,Process industries
Vipul Limited,VIPULLTD,NSE,Finance
Vipul Organics Limited,VIPULORG,BSE,Process industries
Virat Industries Limited,VIRAT,BSE,Consumer non-durables
Virat Crane Industries Limited,VIRATCRA,BSE,Consumer non-durables
Virgo Global Limited,VIRGOGLOB,BSE,Technology services
Virinchi Ltd.,VIRINCHI,NSE,Technology services
Virtual Global Education Ltd.,VIRTUALG,BSE,Consumer services
Visagar Financial Services Limited,VISAGAR,BSE,Finance
Visaka Industries Ltd.,VISAKAIND,NSE,Process industries
Visaman Global Sales Limited,VISAMAN,NSE,Distribution services
VISA Steel Limited,VISASTEEL,NSE,Non-energy minerals
Vishal Fabrics Ltd,VISHAL,BSE,Process industries
Vishal Bearings Ltd,VISHALBL,BSE,Producer manufacturing
Vishnu Chemicals Limited,VISHNU,NSE,Process industries
Vishnusurya Projects & Infra Limited,VISHNUINFR,NSE,Non-energy minerals
Vishwaraj Sugar Industries Ltd.,VISHWARAJ,NSE,Process industries
Vishwas Agri Seeds Limited,VISHWAS,NSE,Process industries
Vision Cinemas Ltd.,VISIONCINE,BSE,Consumer services
Vision Corporation Limited,VISIONCO,BSE,Consumer services
Vista Pharmaceuticals Ltd.,VISTAPH,BSE,Health technology
Vistar Amar Ltd,VISTARAMAR,BSE,Finance
Vishvprabha Ventures Ltd.,VISVEN,BSE,Commercial services
Vital Chemtech Ltd.,VITAL,NSE,Process industries
Vivaa Tradecom Limited,VIVAA,BSE,Consumer non-durables
Vivanta Industries Ltd,VIVANTA,BSE,Industrial services
Vivanza Biosciences Ltd.,VIVANZA,BSE,Health technology
Viviana Power Tech Limited,VIVIANA,NSE,Industrial services
Visagar Polytex Limited,VIVIDHA,NSE,Process industries
Vivid Global Industries Limited,VIVIDIND,BSE,Process industries
Vivid Mercantile Ltd.,VIVIDM,BSE,Commercial services
Vivo Collaboration Solutions Limited,VIVO,NSE,Technology services
Vivo Bio Tech Ltd.,VIVOBIOT,BSE,Distribution services
Veejay Lakshmi Engineering Works Limited,VJLAXMIE,BSE,Producer manufacturing
VJTF Eduservices Ltd.,VJTFEDU,BSE,Consumer services
Vantage Knowledge Academy Ltd.,VKAL,BSE,Commercial services
VK Global Industries Limited,VKGLOBAL,BSE,Technology services
VKJ Infradevelopers Ltd.,VKJINFRA,BSE,Distribution services
VL E-Governance & IT Solutions Ltd.,VLEGOV,NSE,Technology services
V.L.Infraprojects Limited,VLINFRA,NSE,Industrial services
Virat Leasing Ltd.,VLL,BSE,Finance
V L S Finance Limited,VLSFINANCE,NSE,Finance
V-Marc India Limited,VMARCIND,NSE,Producer manufacturing
V-Mart Retail Ltd,VMART,NSE,Retail trade
Vishal Mega Mart Ltd.,VMM,NSE,Retail trade
VMS Industries Limited,VMS,BSE,Industrial services
Virtuoso Optoelectronics Limited,VOEPL,BSE,Health technology
Voith Paper Fabrics India Limited,VOITHPAPR,BSE,Process industries
Voler Car Limited,VOLERCAR,NSE,Transportation
Kairosoft AI Solutions Limited,VOLKAI,BSE,Distribution services
Voltaire Leasing & Finance Ltd.,VOLLF,BSE,Distribution services
Voltamp Transformers Limited,VOLTAMP,NSE,Producer manufacturing
Voltas Limited,VOLTAS,NSE,Producer manufacturing
Vrundavan Plantation Ltd.,VPL,BSE,Process industries
Vishnu Prakash R Punglia Ltd.,VPRPL,NSE,Industrial services
V R Infraspace Ltd.,VR,NSE,Finance
Vraj Iron & Steel Ltd.,VRAJ,NSE,Non-energy minerals
V R Films & Studios Limited,VRFILMS,BSE,Consumer services
Vasundhara Rasayans Ltd.,VRL,BSE,Health technology
VRL Logistics Ltd.,VRLLOG,NSE,Transportation
Vruddhi Engineering Works Ltd.,VRUDDHI,BSE,Non-energy minerals
VR Woodart Ltd.,VRWODAR,BSE,Non-energy minerals
Vadivarhe Speciality Chemicals Ltd.,VSCL,NSE,Process industries
VSF Projects Limited,VSFPROJ,BSE,Industrial services
Veeram Securities Limited,VSL,BSE,Consumer durables
Vardhman Special Steels Limited,VSSL,NSE,Non-energy minerals
VST Industries Limited,VSTIND,NSE,Consumer non-durables
Vibhor Steel Tubes Ltd.,VSTL,NSE,Non-energy minerals
VST Tillers Tractors Limited,VSTTILLERS,NSE,Producer manufacturing
Vardhman Textiles Limited,VTL,NSE,Process industries
VTM Limited,VTMLTD,BSE,Process industries
Vuenow Infratech Ltd,VUENOW,BSE,Producer manufacturing
VVIP Infratech Limited,VVIPIL,BSE,Industrial services
VXL Instruments Limited,VXLINSTR,BSE,Electronic technology
Waa Solar Ltd.,WAA,BSE,Utilities
Waaree Technologies Ltd.,WAAREE,BSE,Process industries
WAAREE Energies Limited,WAAREEENER,NSE,Electronic technology
Indosolar Limited,WAAREEINDO,NSE,Electronic technology
Waaree Renewable Technologies Ltd,WAAREERTL,NSE,Utilities
VA Tech Wabag Limited,WABAG,NSE,Industrial services
Wagend Infra Venture Limited,WAGEND,BSE,Industrial services
Walchandnagar Industries Limited,WALCHANNAG,NSE,Producer manufacturing
Walchand Peoplefirst Limited,WALCHPF,BSE,Commercial services
Wallfort Financial Services Limited,WALLFORT,BSE,Finance
Walpar Nutritions Ltd.,WALPAR,NSE,Health technology
Wanbury Limited,WANBURY,NSE,Health technology
Wardwizard Healthcare Ltd,WARDHEALTH,BSE,Distribution services
Wardwizard Innovations & Mobility Ltd.,WARDINMOBI,BSE,Finance
Wardwizard Foods and Beverages Limited,WARDWIZFBL,BSE,Distribution services
Warren Tea Limited,WARRENTEA,BSE,Process industries
Waterbase Limited,WATERBASE,BSE,Process industries
Western Carriers (India) Limited,WCIL,NSE,Transportation
Wealth First Portfolio Managers Ltd.,WEALTH,NSE,Finance
Websol Energy System Limited,WEBELSOLAR,NSE,Electronic technology
Weizmann Limited,WEIZMANIND,NSE,Process industries
Wonder Electricals Limited,WEL,NSE,Electronic technology
Welspun Corp Limited,WELCORP,NSE,Producer manufacturing
Welcure Drugs and Pharmaceuticals Ltd.,WELCURE,BSE,Health technology
Welspun Enterprises Ltd.,WELENT,NSE,Industrial services
Welspun Investments & Commercials Ltd.,WELINV,NSE,Finance
Welspun Specialty Solutions Limited,WELSPLSOL,BSE,Non-energy minerals
Welspun Living Limited,WELSPUNLIV,NSE,Consumer non-durables
WENDT India Limited,WENDT,NSE,Producer manufacturing
WeP Solutions Limited,WEPSOLN,BSE,Electronic technology
West Leisure Resorts Ltd.,WESTLEIRES,BSE,Technology services
Westlife Foodworld Limited,WESTLIFE,NSE,Consumer services
We Win Ltd.,WEWIN,NSE,Commercial services
W H Brady and Company Limited,WHBRADY,BSE,Producer manufacturing
Wheels India Limited,WHEELS,NSE,Producer manufacturing
Whirlpool Of India Limited,WHIRLPOOL,NSE,Consumer durables
Happy Square Outsourcing Services Limited,WHITEFORCE,NSE,Commercial services
White Organic Agro Ltd,WHITEORG,BSE,Process industries
Williamson Magor & Co.Ltd.,WILLAMAGOR,NSE,Finance
Williamson Financial Services Limited,WILLIMFI,BSE,Finance
Wim Plast Limited,WIMPLAST,BSE,Consumer durables
Windlas Biotech Ltd.,WINDLAS,NSE,Health technology
Windsor Machines Limited,WINDMACHIN,NSE,Producer manufacturing
Winpro Industries Limited,WINPRO,BSE,Communications
Winsol Engineers Limited,WINSOL,NSE,Industrial services
Winsome Breweries Limited,WINSOMBR,BSE,Consumer non-durables
Winsome Yarns Ltd,WINSOME,NSE,Consumer non-durables
Winsome Textile Industries Limited,WINSOMTX,BSE,Process industries
Western India Plywoods Ltd.,WIPL,NSE,Non-energy minerals
Wipro Limited,WIPRO,NSE,Technology services
Wires and Fabriks (S.A.) Limited,WIREFABR,BSE,Process industries
Wherrelz It Solutions Limited,WITS,BSE,Technology services
Wockhardt Limited,WOCKPHARMA,NSE,Health technology
WOL 3D India Limited,WOL3D,NSE,Electronic technology
Womancart Limited,WOMANCART,NSE,Retail trade
Pagaria Energy Limited,WOMENNET,BSE,Distribution services
Wonderla Holidays Ltd.,WONDERLA,NSE,Consumer services
White Organic Retail Ltd.,WORL,BSE,Distribution services
Worth Investment & Trading Co Ltd,WORTH,BSE,Finance
Worth Peripherals Ltd.,WORTH,NSE,Process industries
WPIL Limited,WPIL,BSE,Producer manufacturing
WSFX Global Pay Limited,WSFX,BSE,Commercial services
W.S. Industries (India) Limited,WSI,NSE,Producer manufacturing
West Coast Paper Mills Limited,WSTCSTPAPR,NSE,Producer manufacturing
Wise Travel India Limited,WTICAB,NSE,Finance
Worldwide Aluminium Ltd,WWALUM,BSE,Distribution services
Xchanging Solutions Limited,XCHANGING,NSE,Technology services
Xelpmoc Design And Tech Ltd,XELPMOC,NSE,Technology services
XPRO India Limited,XPROINDIA,NSE,Process industries
XTGlobal Infotech Ltd.,XTGLOBAL,NSE,Technology services
Yaan Enterprises Limited,YAANENT,BSE,Consumer services
Yaari Digital Integrated Services Limited,YAARI,NSE,Finance
Yamini Investments Co. Ltd.,YAMNINV,BSE,Finance
Yarn Syndicate Ltd TEMP,YARNPP,BSE,Process industries
Yash Chemex Ltd.,YASHCHEM,BSE,Process industries
Yash Highvoltage Limited,YASHHV,BSE,Producer manufacturing
Yash Innoventures Limited,YASHINNO,BSE,Distribution services
Yash Management and Satellite Limited,YASHMGM,BSE,Finance
Yasho Industries Ltd.,YASHO,NSE,Consumer non-durables
Yash Optics and Lens Limited,YASHOPTICS,NSE,Health technology
Yashraj Containeurs Limited,YASHRAJC,BSE,Process industries
Yash Trading & Finance Ltd.,YASTF,BSE,Finance
Yatharth Hospital and Trauma Care Services Limited,YATHARTH,NSE,Health services
Yatra Online Limited,YATRA,NSE,Consumer services
Yasons Chemex Care Limited,YCCL,NSE,Process industries
Yes Bank Limited,YESBANK,NSE,Finance
Yogi Limited,YOGI,BSE,Finance
Yogi Infra Projects Limited,YOGISUNG,BSE,Industrial services
York Exports Ltd,YORKEXP,BSE,Process industries
Yamuna Syndicate Ltd.,YSL,BSE,Distribution services
Yudiz Solutions Limited,YUDIZ,NSE,Technology services
Yug Decor Ltd,YUG,BSE,Process industries
Yuken India Limited,YUKEN,NSE,Producer manufacturing
Yunik Managing Advisors Limited,YUNIKM,BSE,Commercial services
Yuranus Infrastructure Ltd.,YURANUS,BSE,Finance
Yuvraaj Hygiene Products Limited,YUVRAAJHPL,BSE,Miscellaneous
Zaggle Prepaid Ocean Services Limited,ZAGGLE,NSE,Technology services
Dhanvantri Jeevan Rekha Limited,ZDHJERK,BSE,Health services
Zeal Aqua Ltd,ZEAL,BSE,Process industries
Zeal Global Services Ltd.,ZEAL,NSE,Transportation
Zee Entertainment Enterprises Limited,ZEEL,NSE,Consumer services
Zee Learn Limited,ZEELEARN,NSE,Consumer services
Zee Media Corp. Ltd.,ZEEMEDIA,NSE,Consumer services
Zenith Fibres Limited,ZENIFIB,BSE,Process industries
Zenith Drugs Ltd.,ZENITHDRUG,NSE,Health technology
Zenith Exports Limited,ZENITHEXPO,NSE,Consumer non-durables
Zenith Healthcare Limited,ZENITHHE,BSE,Health technology
Zenith Steel Pipes & Industries Limited,ZENITHSTL,NSE,Non-energy minerals
Zenlabs Ethica Ltd,ZENLABS,BSE,Health technology
Zenotech Laboratories Limited,ZENOTECH,BSE,Health technology
Zensar Technologies Limited,ZENSARTECH,NSE,Technology services
Zen Technologies Limited,ZENTEC,NSE,Technology services
ZF Commercial Vehicle Control Systems India Limited,ZFCVINDIA,NSE,Producer manufacturing
Z F Steering Gear (India) Limited,ZFSTEERING,BSE,Producer manufacturing
Zim Laboratories Ltd.,ZIMLAB,NSE,Health technology
Zinema Media & Entertainment Ltd,ZINEMA,BSE,Energy minerals
Khandelwal Extractions Ltd.,ZKHANDEN,BSE,Process industries
Milgrey Finance & Investments Ltd.,ZMILGFIN,BSE,Finance
Multipurpose Trading & Agencies Ltd.,ZMULTIPU,BSE,Finance
Zodiac Energy Ltd.,ZODIAC,NSE,Producer manufacturing
Zodiac Clothing Company Limited,ZODIACLOTH,NSE,Consumer non-durables
Zodiac Ventures Limited,ZODIACVEN,BSE,Finance
Zodiac-JRD-MKJ Limited,ZODJRDMKJ,BSE,Non-energy minerals
Zota Health Care Ltd.,ZOTA,NSE,Health technology
ZR2 Bioenergy Ltd,ZR2,BSE,Process industries
Saraswati Commercial (India) Ltd.,ZSARACOM,BSE,Finance
Svaraj Trading & Agencies Ltd.,ZSVARAJT,BSE,Finance
Z-Tech (India) Ltd.,ZTECH,NSE,Industrial services
Zuari Agro Chemicals Ltd.,ZUARI,NSE,Process industries
Zuari Industries Limited,ZUARIIND,NSE,Process industries
Welcast Steels Limited,ZWELCAST,BSE,Non-energy minerals
Zydus Lifesciences Limited,ZYDUSLIFE,NSE,Health technology
Zydus Wellness Limited,ZYDUSWELL,NSE,Consumer non-durables
